target,feature_scheme,model,variable,coefficient,coefficient_or_importance,explained_variance_ratio
R_5d,summary,Baseline_SummaryOLS,const,-171.26050022851328,,
R_5d,summary,Baseline_SummaryOLS,cpi_yoy_m1,0.22331591968799006,,
R_5d,summary,Baseline_SummaryOLS,cpi_yoy_avg3,1.123503517579619,,
R_5d,summary,Baseline_SummaryOLS,cpi_yoy_avg6,-1.3484029130650166,,
R_5d,summary,Baseline_SummaryOLS,cpi_yoy_avg12,0.29569657435947916,,
R_5d,summary,Baseline_SummaryOLS,cpi_delta1_m1,-0.03588527777766951,,
R_5d,summary,Baseline_SummaryOLS,cpi_delta1_avg3,0.0223046314109288,,
R_5d,summary,Baseline_SummaryOLS,cpi_delta1_avg6,-0.22404780662422452,,
R_5d,summary,Baseline_SummaryOLS,cpi_delta1_avg12,0.303398262606485,,
R_5d,summary,Baseline_SummaryOLS,cpi_dev12_m1,-0.07238065481397535,,
R_5d,summary,Baseline_SummaryOLS,cpi_dev12_avg3,-1.0845264809105248,,
R_5d,summary,Baseline_SummaryOLS,cpi_dev12_avg6,1.625083536311222,,
R_5d,summary,Baseline_SummaryOLS,cpi_dev12_avg12,-2.2748950480260155,,
R_5d,summary,Baseline_SummaryOLS,ppi_yoy_m1,0.11086042402148014,,
R_5d,summary,Baseline_SummaryOLS,ppi_yoy_avg3,0.4823888174581209,,
R_5d,summary,Baseline_SummaryOLS,ppi_yoy_avg6,-1.0512743928902746,,
R_5d,summary,Baseline_SummaryOLS,ppi_yoy_avg12,0.34940277932234465,,
R_5d,summary,Baseline_SummaryOLS,ppi_delta1_m1,0.0638490127360396,,
R_5d,summary,Baseline_SummaryOLS,ppi_delta1_avg3,0.036287573645338904,,
R_5d,summary,Baseline_SummaryOLS,ppi_delta1_avg6,-0.13162482403471237,,
R_5d,summary,Baseline_SummaryOLS,ppi_delta1_avg12,0.18294612172343314,,
R_5d,summary,Baseline_SummaryOLS,ppi_dev12_m1,-0.2385423553066579,,
R_5d,summary,Baseline_SummaryOLS,ppi_dev12_avg3,-0.3789383399159212,,
R_5d,summary,Baseline_SummaryOLS,ppi_dev12_avg6,1.0836511873961578,,
R_5d,summary,Baseline_SummaryOLS,ppi_dev12_avg12,-0.46358673743271744,,
R_5d,summary,Baseline_SummaryOLS,m2_yoy_m1,-0.12611862137910318,,
R_5d,summary,Baseline_SummaryOLS,m2_yoy_avg3,1.3300992299656715,,
R_5d,summary,Baseline_SummaryOLS,m2_yoy_avg6,-1.3821835741205517,,
R_5d,summary,Baseline_SummaryOLS,m2_yoy_avg12,-0.23932751436382643,,
R_5d,summary,Baseline_SummaryOLS,m2_delta1_m1,-0.00761386680108782,,
R_5d,summary,Baseline_SummaryOLS,m2_delta1_avg3,0.011778113371395001,,
R_5d,summary,Baseline_SummaryOLS,m2_delta1_avg6,-0.288361790918047,,
R_5d,summary,Baseline_SummaryOLS,m2_delta1_avg12,0.6256766647900994,,
R_5d,summary,Baseline_SummaryOLS,m2_dev12_m1,0.11320889209956961,,
R_5d,summary,Baseline_SummaryOLS,m2_dev12_avg3,-1.3223477150606606,,
R_5d,summary,Baseline_SummaryOLS,m2_dev12_avg6,1.8826021244229272,,
R_5d,summary,Baseline_SummaryOLS,m2_dev12_avg12,-0.7946593950052929,,
R_5d,summary,Baseline_SummaryOLS,epu_log_m1,0.7512512095499764,,
R_5d,summary,Baseline_SummaryOLS,epu_log_avg3,-2.3744804483750457,,
R_5d,summary,Baseline_SummaryOLS,epu_log_avg6,-2.788927506745012,,
R_5d,summary,Baseline_SummaryOLS,epu_log_avg12,1.498120372572966,,
R_5d,summary,Baseline_SummaryOLS,epu_log_delta1_m1,0.007410385471081199,,
R_5d,summary,Baseline_SummaryOLS,epu_log_delta1_avg3,0.12863873425071676,,
R_5d,summary,Baseline_SummaryOLS,epu_log_delta1_avg6,0.3826169555883485,,
R_5d,summary,Baseline_SummaryOLS,epu_log_delta1_avg12,-0.7259892034867449,,
R_5d,summary,Baseline_SummaryOLS,epu_log_dev12_m1,-0.7468691632903185,,
R_5d,summary,Baseline_SummaryOLS,epu_log_dev12_avg3,2.495711755910206,,
R_5d,summary,Baseline_SummaryOLS,epu_log_dev12_avg6,2.422681950266987,,
R_5d,summary,Baseline_SummaryOLS,epu_log_dev12_avg12,-1.6678259891518301,,
R_5d,summary,Baseline_SummaryOLS,fx_log_m1,-12.884766111737253,,
R_5d,summary,Baseline_SummaryOLS,fx_log_avg3,27.47545087470967,,
R_5d,summary,Baseline_SummaryOLS,fx_log_avg6,40.206565633669335,,
R_5d,summary,Baseline_SummaryOLS,fx_log_avg12,-25.193341285459333,,
R_5d,summary,Baseline_SummaryOLS,fx_ret1_m1,-0.4945132441422749,,
R_5d,summary,Baseline_SummaryOLS,fx_ret1_avg3,0.9223576791618833,,
R_5d,summary,Baseline_SummaryOLS,fx_ret1_avg6,-5.586847419439432,,
R_5d,summary,Baseline_SummaryOLS,fx_ret1_avg12,20.336552743349024,,
R_5d,summary,Baseline_SummaryOLS,fx_dev12_m1,12.30857517492015,,
R_5d,summary,Baseline_SummaryOLS,fx_dev12_avg3,-30.183947329737684,,
R_5d,summary,Baseline_SummaryOLS,fx_dev12_avg6,-33.48743014519535,,
R_5d,summary,Baseline_SummaryOLS,fx_dev12_avg12,31.37293691443243,,
R_5d,summary,Ridge,cpi_yoy_m1,5.6792114658946665e-05,,
R_5d,summary,Ridge,cpi_yoy_avg3,0.00011934295117654418,,
R_5d,summary,Ridge,cpi_yoy_avg6,9.865763765942738e-05,,
R_5d,summary,Ridge,cpi_yoy_avg12,0.00013059015479337997,,
R_5d,summary,Ridge,cpi_delta1_m1,-5.581389681597473e-05,,
R_5d,summary,Ridge,cpi_delta1_avg3,1.0071142939568102e-05,,
R_5d,summary,Ridge,cpi_delta1_avg6,-3.503992798481599e-05,,
R_5d,summary,Ridge,cpi_delta1_avg12,1.0237139882981407e-05,,
R_5d,summary,Ridge,cpi_dev12_m1,-2.955785135404121e-05,,
R_5d,summary,Ridge,cpi_dev12_avg3,4.0647343740531494e-05,,
R_5d,summary,Ridge,cpi_dev12_avg6,2.9924598012905803e-05,,
R_5d,summary,Ridge,cpi_dev12_avg12,9.184138762354725e-05,,
R_5d,summary,Ridge,ppi_yoy_m1,4.700063199789617e-06,,
R_5d,summary,Ridge,ppi_yoy_avg3,3.196248481333639e-05,,
R_5d,summary,Ridge,ppi_yoy_avg6,1.2363319376027171e-05,,
R_5d,summary,Ridge,ppi_yoy_avg12,-4.6823659532220994e-05,,
R_5d,summary,Ridge,ppi_delta1_m1,-0.00015491309041233296,,
R_5d,summary,Ridge,ppi_delta1_avg3,-7.14283175102196e-06,,
R_5d,summary,Ridge,ppi_delta1_avg6,3.06825964976971e-05,,
R_5d,summary,Ridge,ppi_delta1_avg12,8.125158655635703e-05,,
R_5d,summary,Ridge,ppi_dev12_m1,4.6912461054321905e-05,,
R_5d,summary,Ridge,ppi_dev12_avg3,9.412380248448923e-05,,
R_5d,summary,Ridge,ppi_dev12_avg6,0.00010568880135873002,,
R_5d,summary,Ridge,ppi_dev12_avg12,5.3650489004609845e-05,,
R_5d,summary,Ridge,m2_yoy_m1,0.00011125537883547568,,
R_5d,summary,Ridge,m2_yoy_avg3,5.073171000236932e-05,,
R_5d,summary,Ridge,m2_yoy_avg6,7.778516536619926e-05,,
R_5d,summary,Ridge,m2_yoy_avg12,2.766064587308602e-05,,
R_5d,summary,Ridge,m2_delta1_m1,0.0002637788595054266,,
R_5d,summary,Ridge,m2_delta1_avg3,-4.50056657751411e-05,,
R_5d,summary,Ridge,m2_delta1_avg6,6.452087214727333e-05,,
R_5d,summary,Ridge,m2_delta1_avg12,0.00010044758799340414,,
R_5d,summary,Ridge,m2_dev12_m1,9.905422086388403e-05,,
R_5d,summary,Ridge,m2_dev12_avg3,3.842714305816782e-05,,
R_5d,summary,Ridge,m2_dev12_avg6,9.14064615064886e-05,,
R_5d,summary,Ridge,m2_dev12_avg12,5.302455797589509e-05,,
R_5d,summary,Ridge,epu_log_m1,0.00010349768726444185,,
R_5d,summary,Ridge,epu_log_avg3,8.439919991662932e-05,,
R_5d,summary,Ridge,epu_log_avg6,0.0001318476470844707,,
R_5d,summary,Ridge,epu_log_avg12,9.430548282727306e-05,,
R_5d,summary,Ridge,epu_log_delta1_m1,4.371357563528846e-05,,
R_5d,summary,Ridge,epu_log_delta1_avg3,3.4473114509211346e-06,,
R_5d,summary,Ridge,epu_log_delta1_avg6,-8.797338165682078e-05,,
R_5d,summary,Ridge,epu_log_delta1_avg12,8.652727655280326e-05,,
R_5d,summary,Ridge,epu_log_dev12_m1,3.134032928649758e-05,,
R_5d,summary,Ridge,epu_log_dev12_avg3,1.4972078927695087e-05,,
R_5d,summary,Ridge,epu_log_dev12_avg6,9.934727999799237e-05,,
R_5d,summary,Ridge,epu_log_dev12_avg12,0.00012439267505853582,,
R_5d,summary,Ridge,fx_log_m1,0.0002090432197098784,,
R_5d,summary,Ridge,fx_log_avg3,0.00023231302323957625,,
R_5d,summary,Ridge,fx_log_avg6,0.00023983935260901693,,
R_5d,summary,Ridge,fx_log_avg12,0.00015171906860764507,,
R_5d,summary,Ridge,fx_ret1_m1,-0.00012870441814464157,,
R_5d,summary,Ridge,fx_ret1_avg3,7.305894934386307e-05,,
R_5d,summary,Ridge,fx_ret1_avg6,6.032605593030582e-05,,
R_5d,summary,Ridge,fx_ret1_avg12,0.00015796334801519018,,
R_5d,summary,Ridge,fx_dev12_m1,0.00012402072318193564,,
R_5d,summary,Ridge,fx_dev12_avg3,0.0001691800712202699,,
R_5d,summary,Ridge,fx_dev12_avg6,0.00021220318463502166,,
R_5d,summary,Ridge,fx_dev12_avg12,0.0001678506320166442,,
R_5d,summary,PCR,cpi_yoy_m1,,0.00010098683355332155,
R_5d,summary,PCR,cpi_yoy_avg3,,0.00011672375317671669,
R_5d,summary,PCR,cpi_yoy_avg6,,0.00013027379046561888,
R_5d,summary,PCR,cpi_yoy_avg12,,0.00012022478486459902,
R_5d,summary,PCR,cpi_delta1_m1,,2.7259756801346378e-05,
R_5d,summary,PCR,cpi_delta1_avg3,,2.6323390688066478e-05,
R_5d,summary,PCR,cpi_delta1_avg6,,1.0477395830473045e-05,
R_5d,summary,PCR,cpi_delta1_avg12,,7.508069937454614e-05,
R_5d,summary,PCR,cpi_dev12_m1,,2.7774781332564022e-05,
R_5d,summary,PCR,cpi_dev12_avg3,,5.525938616701598e-05,
R_5d,summary,PCR,cpi_dev12_avg6,,9.050182984692659e-05,
R_5d,summary,PCR,cpi_dev12_avg12,,0.00011982396354722524,
R_5d,summary,PCR,ppi_yoy_m1,,0.0001204667034275278,
R_5d,summary,PCR,ppi_yoy_avg3,,0.00010987531071697227,
R_5d,summary,PCR,ppi_yoy_avg6,,9.201640930695177e-05,
R_5d,summary,PCR,ppi_yoy_avg12,,4.884483933417012e-05,
R_5d,summary,PCR,ppi_delta1_m1,,5.7507119027053876e-05,
R_5d,summary,PCR,ppi_delta1_avg3,,6.96644414728416e-05,
R_5d,summary,PCR,ppi_delta1_avg6,,8.044767374761209e-05,
R_5d,summary,PCR,ppi_delta1_avg12,,0.00010098952420247497,
R_5d,summary,PCR,ppi_dev12_m1,,9.06604706449924e-05,
R_5d,summary,PCR,ppi_dev12_avg3,,9.237873362390563e-05,
R_5d,summary,PCR,ppi_dev12_avg6,,9.78608479656754e-05,
R_5d,summary,PCR,ppi_dev12_avg12,,0.00010848594745991876,
R_5d,summary,PCR,m2_yoy_m1,,1.022024412368421e-05,
R_5d,summary,PCR,m2_yoy_avg3,,1.588861761935784e-05,
R_5d,summary,PCR,m2_yoy_avg6,,5.20167392755996e-05,
R_5d,summary,PCR,m2_yoy_avg12,,9.045957033872484e-05,
R_5d,summary,PCR,m2_delta1_m1,,6.482928799600049e-05,
R_5d,summary,PCR,m2_delta1_avg3,,0.00010744880150179463,
R_5d,summary,PCR,m2_delta1_avg6,,0.0001233770813477082,
R_5d,summary,PCR,m2_delta1_avg12,,0.0001060578929309613,
R_5d,summary,PCR,m2_dev12_m1,,0.00012792072107538786,
R_5d,summary,PCR,m2_dev12_avg3,,0.00011985167313727442,
R_5d,summary,PCR,m2_dev12_avg6,,9.777525166032557e-05,
R_5d,summary,PCR,m2_dev12_avg12,,5.605221589529708e-05,
R_5d,summary,PCR,epu_log_m1,,0.00011572939432672434,
R_5d,summary,PCR,epu_log_avg3,,0.00011447349070846843,
R_5d,summary,PCR,epu_log_avg6,,0.00010285857963141285,
R_5d,summary,PCR,epu_log_avg12,,7.470807577165202e-05,
R_5d,summary,PCR,epu_log_delta1_m1,,1.600084025512414e-05,
R_5d,summary,PCR,epu_log_delta1_avg3,,3.45679250104114e-05,
R_5d,summary,PCR,epu_log_delta1_avg6,,6.122422419266612e-05,
R_5d,summary,PCR,epu_log_delta1_avg12,,7.759775157988114e-05,
R_5d,summary,PCR,epu_log_dev12_m1,,6.881333511929129e-05,
R_5d,summary,PCR,epu_log_dev12_avg3,,7.890057647075149e-05,
R_5d,summary,PCR,epu_log_dev12_avg6,,8.321133194806375e-05,
R_5d,summary,PCR,epu_log_dev12_avg12,,7.928830811998915e-05,
R_5d,summary,PCR,fx_log_m1,,0.00012137709062628419,
R_5d,summary,PCR,fx_log_avg3,,0.00011939591212182306,
R_5d,summary,PCR,fx_log_avg6,,0.00011002177465376943,
R_5d,summary,PCR,fx_log_avg12,,7.65212138808377e-05,
R_5d,summary,PCR,fx_ret1_m1,,1.7072748675894814e-05,
R_5d,summary,PCR,fx_ret1_avg3,,4.091983298021786e-05,
R_5d,summary,PCR,fx_ret1_avg6,,6.511642120085014e-05,
R_5d,summary,PCR,fx_ret1_avg12,,9.499720208094032e-05,
R_5d,summary,PCR,fx_dev12_m1,,8.02498635945662e-05,
R_5d,summary,PCR,fx_dev12_avg3,,8.850277974206443e-05,
R_5d,summary,PCR,fx_dev12_avg6,,9.248400413980177e-05,
R_5d,summary,PCR,fx_dev12_avg12,,7.954334857625768e-05,
R_5d,factor,Factor_OLS,const,0.002117878907485717,,
R_5d,factor,Factor_OLS,price_factor_m1,-0.004041336814571264,,
R_5d,factor,Factor_OLS,price_factor_avg3,0.005426190798113956,,
R_5d,factor,Factor_OLS,price_factor_avg6,-0.00029092153705083217,,
R_5d,factor,Factor_OLS,price_factor_avg12,0.0022924153302295424,,
R_5d,factor,Factor_OLS,money_factor_m1,-0.003999721758464353,,
R_5d,factor,Factor_OLS,money_factor_avg3,8.956774676166691e-05,,
R_5d,factor,Factor_OLS,money_factor_avg6,0.0029871753835602403,,
R_5d,factor,Factor_OLS,money_factor_avg12,0.007087080081365613,,
R_5d,factor,Factor_OLS,policy_factor_m1,0.0005231545346574614,,
R_5d,factor,Factor_OLS,policy_factor_avg3,-0.005147288140709302,,
R_5d,factor,Factor_OLS,policy_factor_avg6,0.005347916312258116,,
R_5d,factor,Factor_OLS,policy_factor_avg12,-0.001810100304363766,,
R_5d,factor,Factor_OLS,fx_factor_m1,0.005754445703815883,,
R_5d,factor,Factor_OLS,fx_factor_avg3,-0.004758120974966322,,
R_5d,factor,Factor_OLS,fx_factor_avg6,0.004829853267707714,,
R_5d,factor,Factor_OLS,fx_factor_avg12,-0.0018505737231061376,,
R_5d,factor,Factor_Ridge,price_factor_m1,-2.7560996524535664e-05,,
R_5d,factor,Factor_Ridge,price_factor_avg3,0.0001401817236064675,,
R_5d,factor,Factor_Ridge,price_factor_avg6,0.00015197848809561488,,
R_5d,factor,Factor_Ridge,price_factor_avg12,0.0001482125780987631,,
R_5d,factor,Factor_Ridge,money_factor_m1,1.5762379086164328e-05,,
R_5d,factor,Factor_Ridge,money_factor_avg3,9.571754579021507e-05,,
R_5d,factor,Factor_Ridge,money_factor_avg6,0.00016625331492335537,,
R_5d,factor,Factor_Ridge,money_factor_avg12,7.569761527339807e-05,,
R_5d,factor,Factor_Ridge,policy_factor_m1,8.165531880352505e-05,,
R_5d,factor,Factor_Ridge,policy_factor_avg3,7.572711796326154e-05,,
R_5d,factor,Factor_Ridge,policy_factor_avg6,0.00023654930138335386,,
R_5d,factor,Factor_Ridge,policy_factor_avg12,0.0002003809218024311,,
R_5d,factor,Factor_Ridge,fx_factor_m1,0.00031187819943437475,,
R_5d,factor,Factor_Ridge,fx_factor_avg3,0.0002606423085358833,,
R_5d,factor,Factor_Ridge,fx_factor_avg6,0.00033446208019203476,,
R_5d,factor,Factor_Ridge,fx_factor_avg12,0.00025920476217385774,,
R_60d,summary,Baseline_SummaryOLS,const,286.1330782224938,,
R_60d,summary,Baseline_SummaryOLS,cpi_yoy_m1,4.532723166196725,,
R_60d,summary,Baseline_SummaryOLS,cpi_yoy_avg3,9.777965612602877,,
R_60d,summary,Baseline_SummaryOLS,cpi_yoy_avg6,-20.53726463771189,,
R_60d,summary,Baseline_SummaryOLS,cpi_yoy_avg12,9.247784132496328,,
R_60d,summary,Baseline_SummaryOLS,cpi_delta1_m1,-0.1296654935562623,,
R_60d,summary,Baseline_SummaryOLS,cpi_delta1_avg3,-0.742503639317142,,
R_60d,summary,Baseline_SummaryOLS,cpi_delta1_avg6,-2.210963222802732,,
R_60d,summary,Baseline_SummaryOLS,cpi_delta1_avg12,5.391645965297964,,
R_60d,summary,Baseline_SummaryOLS,cpi_dev12_m1,-4.715060962834808,,
R_60d,summary,Baseline_SummaryOLS,cpi_dev12_avg3,-9.205873830000659,,
R_60d,summary,Baseline_SummaryOLS,cpi_dev12_avg6,23.217053575414738,,
R_60d,summary,Baseline_SummaryOLS,cpi_dev12_avg12,-18.624579397659744,,
R_60d,summary,Baseline_SummaryOLS,ppi_yoy_m1,3.4007641984461165,,
R_60d,summary,Baseline_SummaryOLS,ppi_yoy_avg3,-4.319440298544504,,
R_60d,summary,Baseline_SummaryOLS,ppi_yoy_avg6,-2.6398745727906037,,
R_60d,summary,Baseline_SummaryOLS,ppi_yoy_avg12,6.020674784943646,,
R_60d,summary,Baseline_SummaryOLS,ppi_delta1_m1,-0.2720260448089369,,
R_60d,summary,Baseline_SummaryOLS,ppi_delta1_avg3,0.5694233074582514,,
R_60d,summary,Baseline_SummaryOLS,ppi_delta1_avg6,0.1383487317454335,,
R_60d,summary,Baseline_SummaryOLS,ppi_delta1_avg12,-5.797185401915738,,
R_60d,summary,Baseline_SummaryOLS,ppi_dev12_m1,-2.6199105838459658,,
R_60d,summary,Baseline_SummaryOLS,ppi_dev12_avg3,2.45727076661146,,
R_60d,summary,Baseline_SummaryOLS,ppi_dev12_avg6,2.44046945759443,,
R_60d,summary,Baseline_SummaryOLS,ppi_dev12_avg12,-4.397748344490556,,
R_60d,summary,Baseline_SummaryOLS,m2_yoy_m1,2.637977885707205,,
R_60d,summary,Baseline_SummaryOLS,m2_yoy_avg3,-10.876448401341802,,
R_60d,summary,Baseline_SummaryOLS,m2_yoy_avg6,11.9897347996708,,
R_60d,summary,Baseline_SummaryOLS,m2_yoy_avg12,6.123457279150842,,
R_60d,summary,Baseline_SummaryOLS,m2_delta1_m1,0.682664006440202,,
R_60d,summary,Baseline_SummaryOLS,m2_delta1_avg3,-1.1821733498335691,,
R_60d,summary,Baseline_SummaryOLS,m2_delta1_avg6,-2.2314500732271965,,
R_60d,summary,Baseline_SummaryOLS,m2_delta1_avg12,-3.202871820623261,,
R_60d,summary,Baseline_SummaryOLS,m2_dev12_m1,-3.485479380002134,,
R_60d,summary,Baseline_SummaryOLS,m2_dev12_avg3,11.794330750539611,,
R_60d,summary,Baseline_SummaryOLS,m2_dev12_avg6,-7.114786444346503,,
R_60d,summary,Baseline_SummaryOLS,m2_dev12_avg12,-4.8802363118971686,,
R_60d,summary,Baseline_SummaryOLS,epu_log_m1,5.069324174804519,,
R_60d,summary,Baseline_SummaryOLS,epu_log_avg3,1.6477586746602528,,
R_60d,summary,Baseline_SummaryOLS,epu_log_avg6,2.6214054218437286,,
R_60d,summary,Baseline_SummaryOLS,epu_log_avg12,9.50037675324693,,
R_60d,summary,Baseline_SummaryOLS,epu_log_delta1_m1,-0.3935496963394347,,
R_60d,summary,Baseline_SummaryOLS,epu_log_delta1_avg3,-0.505289628954873,,
R_60d,summary,Baseline_SummaryOLS,epu_log_delta1_avg6,-3.6629761750360372,,
R_60d,summary,Baseline_SummaryOLS,epu_log_delta1_avg12,4.518358230344253,,
R_60d,summary,Baseline_SummaryOLS,epu_log_dev12_m1,-4.431052572886113,,
R_60d,summary,Baseline_SummaryOLS,epu_log_dev12_avg3,-1.5971027320507376,,
R_60d,summary,Baseline_SummaryOLS,epu_log_dev12_avg6,1.488059027974934,,
R_60d,summary,Baseline_SummaryOLS,epu_log_dev12_avg12,-17.526740803118,,
R_60d,summary,Baseline_SummaryOLS,fx_log_m1,109.54552637540873,,
R_60d,summary,Baseline_SummaryOLS,fx_log_avg3,84.41820983181998,,
R_60d,summary,Baseline_SummaryOLS,fx_log_avg6,-507.2974522531077,,
R_60d,summary,Baseline_SummaryOLS,fx_log_avg12,235.75366605235823,,
R_60d,summary,Baseline_SummaryOLS,fx_ret1_m1,16.748209417339485,,
R_60d,summary,Baseline_SummaryOLS,fx_ret1_avg3,13.432782400207355,,
R_60d,summary,Baseline_SummaryOLS,fx_ret1_avg6,-46.95516531815707,,
R_60d,summary,Baseline_SummaryOLS,fx_ret1_avg12,-120.6406683067746,,
R_60d,summary,Baseline_SummaryOLS,fx_dev12_m1,-126.20813969094665,,
R_60d,summary,Baseline_SummaryOLS,fx_dev12_avg3,-88.26285541081432,,
R_60d,summary,Baseline_SummaryOLS,fx_dev12_avg6,557.5237209443881,,
R_60d,summary,Baseline_SummaryOLS,fx_dev12_avg12,-60.93273366626956,,
R_60d,summary,Ridge,cpi_yoy_m1,0.0015035840236437513,,
R_60d,summary,Ridge,cpi_yoy_avg3,0.0014216603427865755,,
R_60d,summary,Ridge,cpi_yoy_avg6,0.0013266935372208714,,
R_60d,summary,Ridge,cpi_yoy_avg12,0.00153076822391465,,
R_60d,summary,Ridge,cpi_delta1_m1,-2.366566974655545e-05,,
R_60d,summary,Ridge,cpi_delta1_avg3,0.0007427072939234241,,
R_60d,summary,Ridge,cpi_delta1_avg6,0.00015437401609856615,,
R_60d,summary,Ridge,cpi_delta1_avg12,0.0010847121403014003,,
R_60d,summary,Ridge,cpi_dev12_m1,0.0005995056887944213,,
R_60d,summary,Ridge,cpi_dev12_avg3,0.0006457295162739707,,
R_60d,summary,Ridge,cpi_dev12_avg6,0.0006680307704640821,,
R_60d,summary,Ridge,cpi_dev12_avg12,0.0012485184316884917,,
R_60d,summary,Ridge,ppi_yoy_m1,0.0002844452438680385,,
R_60d,summary,Ridge,ppi_yoy_avg3,0.00022054163585919469,,
R_60d,summary,Ridge,ppi_yoy_avg6,-7.84780560216033e-05,,
R_60d,summary,Ridge,ppi_yoy_avg12,-0.0007710125592706039,,
R_60d,summary,Ridge,ppi_delta1_m1,-3.8626187177298894e-05,,
R_60d,summary,Ridge,ppi_delta1_avg3,0.0006003316306748415,,
R_60d,summary,Ridge,ppi_delta1_avg6,0.0009928734972721527,,
R_60d,summary,Ridge,ppi_delta1_avg12,0.000965650860110938,,
R_60d,summary,Ridge,ppi_dev12_m1,0.0010030259255104817,,
R_60d,summary,Ridge,ppi_dev12_avg3,0.0011315348946034985,,
R_60d,summary,Ridge,ppi_dev12_avg6,0.001102189366762719,,
R_60d,summary,Ridge,ppi_dev12_avg12,0.00013441532410509864,,
R_60d,summary,Ridge,m2_yoy_m1,0.0004446624591081029,,
R_60d,summary,Ridge,m2_yoy_avg3,0.0006592970666210809,,
R_60d,summary,Ridge,m2_yoy_avg6,0.0005484902030715692,,
R_60d,summary,Ridge,m2_yoy_avg12,2.5503970059230226e-06,,
R_60d,summary,Ridge,m2_delta1_m1,-0.0003236048782948762,,
R_60d,summary,Ridge,m2_delta1_avg3,-0.0006483891184628831,,
R_60d,summary,Ridge,m2_delta1_avg6,0.0008653340056969683,,
R_60d,summary,Ridge,m2_delta1_avg12,0.0007784329364195668,,
R_60d,summary,Ridge,m2_dev12_m1,0.000533886141413701,,
R_60d,summary,Ridge,m2_dev12_avg3,0.0009668767249645703,,
R_60d,summary,Ridge,m2_dev12_avg6,0.0010783744657555056,,
R_60d,summary,Ridge,m2_dev12_avg12,0.0005893140632478626,,
R_60d,summary,Ridge,epu_log_m1,0.0009119189275686923,,
R_60d,summary,Ridge,epu_log_avg3,0.001275239683317268,,
R_60d,summary,Ridge,epu_log_avg6,0.0016931235716372045,,
R_60d,summary,Ridge,epu_log_avg12,0.0009261507173601378,,
R_60d,summary,Ridge,epu_log_delta1_m1,-0.00027209111408378644,,
R_60d,summary,Ridge,epu_log_delta1_avg3,-0.001294917137973662,,
R_60d,summary,Ridge,epu_log_delta1_avg6,-0.00040993955838669767,,
R_60d,summary,Ridge,epu_log_delta1_avg12,0.0006721432794228221,,
R_60d,summary,Ridge,epu_log_dev12_m1,0.0001715415140772101,,
R_60d,summary,Ridge,epu_log_dev12_avg3,0.0007127641785180435,,
R_60d,summary,Ridge,epu_log_dev12_avg6,0.0017143254204263607,,
R_60d,summary,Ridge,epu_log_dev12_avg12,0.001208998870125835,,
R_60d,summary,Ridge,fx_log_m1,0.0024659129062537524,,
R_60d,summary,Ridge,fx_log_avg3,0.00238934566024805,,
R_60d,summary,Ridge,fx_log_avg6,0.002331173333546826,,
R_60d,summary,Ridge,fx_log_avg12,0.0011342041756374963,,
R_60d,summary,Ridge,fx_ret1_m1,0.0005105725387320199,,
R_60d,summary,Ridge,fx_ret1_avg3,0.00034393225261205267,,
R_60d,summary,Ridge,fx_ret1_avg6,0.0018511498258882578,,
R_60d,summary,Ridge,fx_ret1_avg12,0.0023339865076807582,,
R_60d,summary,Ridge,fx_dev12_m1,0.0019297171586719552,,
R_60d,summary,Ridge,fx_dev12_avg3,0.0021296434050725884,,
R_60d,summary,Ridge,fx_dev12_avg6,0.0024711154535434206,,
R_60d,summary,Ridge,fx_dev12_avg12,0.0014429578665428374,,
R_60d,summary,PCR,cpi_yoy_m1,,0.004526753850757009,
R_60d,summary,PCR,cpi_yoy_avg3,,0.0037469962769197842,
R_60d,summary,PCR,cpi_yoy_avg6,,0.0032759100493583698,
R_60d,summary,PCR,cpi_yoy_avg12,,0.002605736727921109,
R_60d,summary,PCR,cpi_delta1_m1,,0.002833940098458535,
R_60d,summary,PCR,cpi_delta1_avg3,,0.0039726164737227225,
R_60d,summary,PCR,cpi_delta1_avg6,,0.0035945036874294733,
R_60d,summary,PCR,cpi_delta1_avg12,,0.00361049707641464,
R_60d,summary,PCR,cpi_dev12_m1,,0.0040910099565499725,
R_60d,summary,PCR,cpi_dev12_avg3,,0.0037221096262766737,
R_60d,summary,PCR,cpi_dev12_avg6,,0.003540496677522315,
R_60d,summary,PCR,cpi_dev12_avg12,,0.003924489161384902,
R_60d,summary,PCR,ppi_yoy_m1,,0.002731946274046276,
R_60d,summary,PCR,ppi_yoy_avg3,,0.0029671954301640014,
R_60d,summary,PCR,ppi_yoy_avg6,,0.0035355099742276535,
R_60d,summary,PCR,ppi_yoy_avg12,,0.004259032884339335,
R_60d,summary,PCR,ppi_delta1_m1,,0.004719212419585951,
R_60d,summary,PCR,ppi_delta1_avg3,,0.00522264406823926,
R_60d,summary,PCR,ppi_delta1_avg6,,0.004738412247225985,
R_60d,summary,PCR,ppi_delta1_avg12,,0.0047859450239008654,
R_60d,summary,PCR,ppi_dev12_m1,,0.004714207996813573,
R_60d,summary,PCR,ppi_dev12_avg3,,0.004753891712044402,
R_60d,summary,PCR,ppi_dev12_avg6,,0.004692974428008594,
R_60d,summary,PCR,ppi_dev12_avg12,,0.005196174330123441,
R_60d,summary,PCR,m2_yoy_m1,,0.004638080753425927,
R_60d,summary,PCR,m2_yoy_avg3,,0.004682447848978516,
R_60d,summary,PCR,m2_yoy_avg6,,0.0048796787480701945,
R_60d,summary,PCR,m2_yoy_avg12,,0.004923316119055455,
R_60d,summary,PCR,m2_delta1_m1,,0.0015756719363474296,
R_60d,summary,PCR,m2_delta1_avg3,,0.0020510261025606423,
R_60d,summary,PCR,m2_delta1_avg6,,0.002186380774848259,
R_60d,summary,PCR,m2_delta1_avg12,,0.0025440494061105827,
R_60d,summary,PCR,m2_dev12_m1,,0.0024613235822074525,
R_60d,summary,PCR,m2_dev12_avg3,,0.002354859730059426,
R_60d,summary,PCR,m2_dev12_avg6,,0.002327540431411861,
R_60d,summary,PCR,m2_dev12_avg12,,0.003382574930231947,
R_60d,summary,PCR,epu_log_m1,,0.004615504710044029,
R_60d,summary,PCR,epu_log_avg3,,0.004384705625145372,
R_60d,summary,PCR,epu_log_avg6,,0.003812500855553647,
R_60d,summary,PCR,epu_log_avg12,,0.003425976492401929,
R_60d,summary,PCR,epu_log_delta1_m1,,0.0020206112430393125,
R_60d,summary,PCR,epu_log_delta1_avg3,,0.003137712449006627,
R_60d,summary,PCR,epu_log_delta1_avg6,,0.004292776463393964,
R_60d,summary,PCR,epu_log_delta1_avg12,,0.004684259052332852,
R_60d,summary,PCR,epu_log_dev12_m1,,0.004528553499078795,
R_60d,summary,PCR,epu_log_dev12_avg3,,0.0046036649971599,
R_60d,summary,PCR,epu_log_dev12_avg6,,0.0041525957640802785,
R_60d,summary,PCR,epu_log_dev12_avg12,,0.003345550529896942,
R_60d,summary,PCR,fx_log_m1,,0.003952137426984335,
R_60d,summary,PCR,fx_log_avg3,,0.004244031022270627,
R_60d,summary,PCR,fx_log_avg6,,0.004362734677966357,
R_60d,summary,PCR,fx_log_avg12,,0.0035343989367149194,
R_60d,summary,PCR,fx_ret1_m1,,0.002244292473793387,
R_60d,summary,PCR,fx_ret1_avg3,,0.0033715006930104662,
R_60d,summary,PCR,fx_ret1_avg6,,0.0036199474871518216,
R_60d,summary,PCR,fx_ret1_avg12,,0.004013407435507603,
R_60d,summary,PCR,fx_dev12_m1,,0.0036004986208025527,
R_60d,summary,PCR,fx_dev12_avg3,,0.0033704072801531075,
R_60d,summary,PCR,fx_dev12_avg6,,0.004356290421407581,
R_60d,summary,PCR,fx_dev12_avg12,,0.004962739405596952,
R_60d,factor,Factor_OLS,const,-0.01965435831636638,,
R_60d,factor,Factor_OLS,price_factor_m1,0.018797117456653956,,
R_60d,factor,Factor_OLS,price_factor_avg3,0.0029583419241444096,,
R_60d,factor,Factor_OLS,price_factor_avg6,-0.0005494054303663906,,
R_60d,factor,Factor_OLS,price_factor_avg12,0.10609237217691755,,
R_60d,factor,Factor_OLS,money_factor_m1,-0.028347725106727832,,
R_60d,factor,Factor_OLS,money_factor_avg3,0.07482593302428509,,
R_60d,factor,Factor_OLS,money_factor_avg6,-0.1077106733808971,,
R_60d,factor,Factor_OLS,money_factor_avg12,0.17279232119097637,,
R_60d,factor,Factor_OLS,policy_factor_m1,-0.009097412717481334,,
R_60d,factor,Factor_OLS,policy_factor_avg3,-0.01702500855875449,,
R_60d,factor,Factor_OLS,policy_factor_avg6,0.09303737749751932,,
R_60d,factor,Factor_OLS,policy_factor_avg12,-0.02888907938662791,,
R_60d,factor,Factor_OLS,fx_factor_m1,0.024710574369971657,,
R_60d,factor,Factor_OLS,fx_factor_avg3,-0.02063691510031228,,
R_60d,factor,Factor_OLS,fx_factor_avg6,0.012351846777530272,,
R_60d,factor,Factor_OLS,fx_factor_avg12,-0.03643221518471881,,
R_60d,factor,Factor_Ridge,price_factor_m1,0.0018559998535898014,,
R_60d,factor,Factor_Ridge,price_factor_avg3,0.0016575901782339656,,
R_60d,factor,Factor_Ridge,price_factor_avg6,0.0017049903949213614,,
R_60d,factor,Factor_Ridge,price_factor_avg12,0.0013427734357367568,,
R_60d,factor,Factor_Ridge,money_factor_m1,0.0006206468784646405,,
R_60d,factor,Factor_Ridge,money_factor_avg3,0.001736671923924194,,
R_60d,factor,Factor_Ridge,money_factor_avg6,0.0015045746300593828,,
R_60d,factor,Factor_Ridge,money_factor_avg12,0.0006750374575995086,,
R_60d,factor,Factor_Ridge,policy_factor_m1,0.0008889362147413247,,
R_60d,factor,Factor_Ridge,policy_factor_avg3,0.0020994164845996783,,
R_60d,factor,Factor_Ridge,policy_factor_avg6,0.0030879573538471943,,
R_60d,factor,Factor_Ridge,policy_factor_avg12,0.002064679059416646,,
R_60d,factor,Factor_Ridge,fx_factor_m1,0.0028750308042023755,,
R_60d,factor,Factor_Ridge,fx_factor_avg3,0.0031952417200525676,,
R_60d,factor,Factor_Ridge,fx_factor_avg6,0.0034274580374345355,,
R_60d,factor,Factor_Ridge,fx_factor_avg12,0.0021358617587507117,,
R_5d,summary,PCR_explained_var,PC1,,,0.33939680554807977
R_60d,summary,PCR_explained_var,PC1,,,0.33939680554807977
R_60d,summary,PCR_explained_var,PC2,,,0.20078991090861806
R_60d,summary,PCR_explained_var,PC3,,,0.1367661170788531
R_60d,summary,PCR_explained_var,PC4,,,0.08479628171134164
R_60d,summary,PCR_explained_var,PC5,,,0.06359454073604329
