target,model,feature,coefficient
future_logrv_5,Macro_SummaryOLS,cpi_yoy_m1,0.011444
future_logrv_5,Macro_SummaryOLS,cpi_yoy_avg12,-0.046108
future_logrv_5,Macro_SummaryOLS,cpi_delta1_m1,-0.055781
future_logrv_5,Macro_SummaryOLS,cpi_delta1_avg12,3.111656
future_logrv_5,Macro_SummaryOLS,ppi_yoy_m1,-0.042652
future_logrv_5,Macro_SummaryOLS,ppi_yoy_avg12,-0.08523
future_logrv_5,Macro_SummaryOLS,ppi_delta1_m1,0.1652
future_logrv_5,Macro_SummaryOLS,ppi_delta1_avg12,-2.50047
future_logrv_5,Macro_SummaryOLS,m2_yoy_m1,0.094191
future_logrv_5,Macro_SummaryOLS,m2_yoy_avg12,-0.239642
future_logrv_5,Macro_SummaryOLS,m2_delta1_m1,-0.203886
future_logrv_5,Macro_SummaryOLS,m2_delta1_avg12,1.737916
future_logrv_5,Macro_SummaryOLS,epu_log_m1,1.386323
future_logrv_5,Macro_SummaryOLS,epu_log_avg12,-0.948025
future_logrv_5,Macro_SummaryOLS,epu_log_delta1_m1,-0.305096
future_logrv_5,Macro_SummaryOLS,epu_log_delta1_avg12,-3.425107
future_logrv_5,Macro_SummaryOLS,fx_log_m1,3.790932
future_logrv_5,Macro_SummaryOLS,fx_log_avg12,-17.0778
future_logrv_5,Macro_SummaryOLS,fx_ret1_m1,-0.257717
future_logrv_5,Macro_SummaryOLS,fx_ret1_avg12,101.155924
future_logrv_5,Macro_Ridge,cpi_yoy_m1,0.009963
future_logrv_5,Macro_Ridge,cpi_yoy_avg12,0.008975
future_logrv_5,Macro_Ridge,cpi_delta1_m1,0.007751
future_logrv_5,Macro_Ridge,cpi_delta1_avg12,0.275344
future_logrv_5,Macro_Ridge,ppi_yoy_m1,-0.012089
future_logrv_5,Macro_Ridge,ppi_yoy_avg12,-0.011682
future_logrv_5,Macro_Ridge,ppi_delta1_m1,-0.014269
future_logrv_5,Macro_Ridge,ppi_delta1_avg12,-0.521019
future_logrv_5,Macro_Ridge,m2_yoy_m1,0.002906
future_logrv_5,Macro_Ridge,m2_yoy_avg12,0.000998
future_logrv_5,Macro_Ridge,m2_delta1_m1,-0.003193
future_logrv_5,Macro_Ridge,m2_delta1_avg12,0.350175
future_logrv_5,Macro_Ridge,epu_log_m1,0.001106
future_logrv_5,Macro_Ridge,epu_log_avg12,-0.0072
future_logrv_5,Macro_Ridge,epu_log_delta1_m1,0.068099
future_logrv_5,Macro_Ridge,epu_log_delta1_avg12,0.733075
future_logrv_5,Macro_Ridge,fx_log_m1,-0.819116
future_logrv_5,Macro_Ridge,fx_log_avg12,-0.88636
future_logrv_5,Macro_Ridge,fx_ret1_m1,3.756967
future_logrv_5,Macro_Ridge,fx_ret1_avg12,28.163145
future_logrv_5,Macro_PCR,PC1,0.262548
future_logrv_5,Factor_OLS,price_factor_m1,0.027378
future_logrv_5,Factor_OLS,price_factor_avg12,-0.634068
future_logrv_5,Factor_OLS,money_factor_m1,-0.017897
future_logrv_5,Factor_OLS,money_factor_avg12,0.040576
future_logrv_5,Factor_OLS,policy_factor_m1,0.06044
future_logrv_5,Factor_OLS,policy_factor_avg12,0.216895
future_logrv_5,Factor_OLS,fx_factor_m1,0.042785
future_logrv_5,Factor_OLS,fx_factor_avg12,-0.483434
future_logrv_5,Factor_Ridge,price_factor_m1,-0.013985
future_logrv_5,Factor_Ridge,price_factor_avg12,-0.096534
future_logrv_5,Factor_Ridge,money_factor_m1,0.004124
future_logrv_5,Factor_Ridge,money_factor_avg12,0.015027
future_logrv_5,Factor_Ridge,policy_factor_m1,0.003705
future_logrv_5,Factor_Ridge,policy_factor_avg12,0.000777
future_logrv_5,Factor_Ridge,fx_factor_m1,-0.013315
future_logrv_5,Factor_Ridge,fx_factor_avg12,-0.037777
future_logrv_5,HAR_OLS,past_logrv_5,0.142224
future_logrv_5,HAR_OLS,past_logrv_20,0.457359
future_logrv_5,HAR_OLS,past_logrv_60,0.182577
future_logrv_5,HAR_Ridge,past_logrv_5,0.159657
future_logrv_5,HAR_Ridge,past_logrv_20,0.229624
future_logrv_5,HAR_Ridge,past_logrv_60,0.218409
future_logrv_5,HARplusMacro_Ridge,past_logrv_5,0.123547
future_logrv_5,HARplusMacro_Ridge,past_logrv_20,0.383373
future_logrv_5,HARplusMacro_Ridge,past_logrv_60,0.13816
future_logrv_5,HARplusMacro_Ridge,cpi_yoy_m1,-0.084081
future_logrv_5,HARplusMacro_Ridge,cpi_yoy_avg12,0.027561
future_logrv_5,HARplusMacro_Ridge,cpi_delta1_m1,-0.178793
future_logrv_5,HARplusMacro_Ridge,cpi_delta1_avg12,1.509043
future_logrv_5,HARplusMacro_Ridge,ppi_yoy_m1,-0.033066
future_logrv_5,HARplusMacro_Ridge,ppi_yoy_avg12,-0.0135
future_logrv_5,HARplusMacro_Ridge,ppi_delta1_m1,0.263851
future_logrv_5,HARplusMacro_Ridge,ppi_delta1_avg12,-1.661478
future_logrv_5,HARplusMacro_Ridge,m2_yoy_m1,0.070641
future_logrv_5,HARplusMacro_Ridge,m2_yoy_avg12,-0.162048
future_logrv_5,HARplusMacro_Ridge,m2_delta1_m1,-0.183087
future_logrv_5,HARplusMacro_Ridge,m2_delta1_avg12,1.598185
future_logrv_5,HARplusMacro_Ridge,epu_log_m1,0.656824
future_logrv_5,HARplusMacro_Ridge,epu_log_avg12,-0.683816
future_logrv_5,HARplusMacro_Ridge,epu_log_delta1_m1,-0.066071
future_logrv_5,HARplusMacro_Ridge,epu_log_delta1_avg12,-0.62457
future_logrv_5,HARplusMacro_Ridge,fx_log_m1,0.654837
future_logrv_5,HARplusMacro_Ridge,fx_log_avg12,-2.656566
future_logrv_5,HARplusMacro_Ridge,fx_ret1_m1,7.947105
future_logrv_5,HARplusMacro_Ridge,fx_ret1_avg12,37.101501
future_absret_5,Macro_SummaryOLS,cpi_yoy_m1,-0.000128
future_absret_5,Macro_SummaryOLS,cpi_yoy_avg12,5.8e-05
future_absret_5,Macro_SummaryOLS,cpi_delta1_m1,-6.5e-05
future_absret_5,Macro_SummaryOLS,cpi_delta1_avg12,0.015886
future_absret_5,Macro_SummaryOLS,ppi_yoy_m1,-0.000307
future_absret_5,Macro_SummaryOLS,ppi_yoy_avg12,-0.000268
future_absret_5,Macro_SummaryOLS,ppi_delta1_m1,0.000488
future_absret_5,Macro_SummaryOLS,ppi_delta1_avg12,-0.00993
future_absret_5,Macro_SummaryOLS,m2_yoy_m1,0.000461
future_absret_5,Macro_SummaryOLS,m2_yoy_avg12,-0.000999
future_absret_5,Macro_SummaryOLS,m2_delta1_m1,-0.001185
future_absret_5,Macro_SummaryOLS,m2_delta1_avg12,0.01629
future_absret_5,Macro_SummaryOLS,epu_log_m1,0.00573
future_absret_5,Macro_SummaryOLS,epu_log_avg12,-0.004518
future_absret_5,Macro_SummaryOLS,epu_log_delta1_m1,-0.002349
future_absret_5,Macro_SummaryOLS,epu_log_delta1_avg12,-0.006991
future_absret_5,Macro_SummaryOLS,fx_log_m1,0.091279
future_absret_5,Macro_SummaryOLS,fx_log_avg12,-0.153792
future_absret_5,Macro_SummaryOLS,fx_ret1_m1,-0.078826
future_absret_5,Macro_SummaryOLS,fx_ret1_avg12,0.555707
future_absret_5,Macro_Ridge,cpi_yoy_m1,2.3e-05
future_absret_5,Macro_Ridge,cpi_yoy_avg12,1.6e-05
future_absret_5,Macro_Ridge,cpi_delta1_m1,5.7e-05
future_absret_5,Macro_Ridge,cpi_delta1_avg12,0.001535
future_absret_5,Macro_Ridge,ppi_yoy_m1,-5.8e-05
future_absret_5,Macro_Ridge,ppi_yoy_avg12,-5.6e-05
future_absret_5,Macro_Ridge,ppi_delta1_m1,-8.5e-05
future_absret_5,Macro_Ridge,ppi_delta1_avg12,-0.002012
future_absret_5,Macro_Ridge,m2_yoy_m1,3.4e-05
future_absret_5,Macro_Ridge,m2_yoy_avg12,2.2e-05
future_absret_5,Macro_Ridge,m2_delta1_m1,-7e-06
future_absret_5,Macro_Ridge,m2_delta1_avg12,0.002506
future_absret_5,Macro_Ridge,epu_log_m1,-5.3e-05
future_absret_5,Macro_Ridge,epu_log_avg12,-9.9e-05
future_absret_5,Macro_Ridge,epu_log_delta1_m1,0.000276
future_absret_5,Macro_Ridge,epu_log_delta1_avg12,0.004163
future_absret_5,Macro_Ridge,fx_log_m1,-0.004733
future_absret_5,Macro_Ridge,fx_log_avg12,-0.005195
future_absret_5,Macro_Ridge,fx_ret1_m1,0.01822
future_absret_5,Macro_Ridge,fx_ret1_avg12,0.182765
future_absret_5,Macro_PCR,PC1,0.262548
future_absret_5,Factor_OLS,price_factor_m1,9.6e-05
future_absret_5,Factor_OLS,price_factor_avg12,-0.002648
future_absret_5,Factor_OLS,money_factor_m1,-5.5e-05
future_absret_5,Factor_OLS,money_factor_avg12,0.000787
future_absret_5,Factor_OLS,policy_factor_m1,0.000243
future_absret_5,Factor_OLS,policy_factor_avg12,0.00061
future_absret_5,Factor_OLS,fx_factor_m1,0.000146
future_absret_5,Factor_OLS,fx_factor_avg12,-0.002041
future_absret_5,Factor_Ridge,price_factor_m1,-7.3e-05
future_absret_5,Factor_Ridge,price_factor_avg12,-0.000474
future_absret_5,Factor_Ridge,money_factor_m1,4.2e-05
future_absret_5,Factor_Ridge,money_factor_avg12,0.000139
future_absret_5,Factor_Ridge,policy_factor_m1,-4e-06
future_absret_5,Factor_Ridge,policy_factor_avg12,-3.7e-05
future_absret_5,Factor_Ridge,fx_factor_m1,-8.6e-05
future_absret_5,Factor_Ridge,fx_factor_avg12,-0.000219
future_absret_5,HAR_OLS,past_absret_5,0.148616
future_absret_5,HAR_OLS,past_absret_20,0.371364
future_absret_5,HAR_OLS,past_absret_60,0.168038
future_absret_5,HAR_Ridge,past_absret_5,0.141324
future_absret_5,HAR_Ridge,past_absret_20,0.200542
future_absret_5,HAR_Ridge,past_absret_60,0.187164
future_absret_5,HARplusMacro_Ridge,past_absret_5,0.114881
future_absret_5,HARplusMacro_Ridge,past_absret_20,0.167597
future_absret_5,HARplusMacro_Ridge,past_absret_60,0.138178
future_absret_5,HARplusMacro_Ridge,cpi_yoy_m1,6.7e-05
future_absret_5,HARplusMacro_Ridge,cpi_yoy_avg12,5.2e-05
future_absret_5,HARplusMacro_Ridge,cpi_delta1_m1,-0.000186
future_absret_5,HARplusMacro_Ridge,cpi_delta1_avg12,0.004271
future_absret_5,HARplusMacro_Ridge,ppi_yoy_m1,-9.6e-05
future_absret_5,HARplusMacro_Ridge,ppi_yoy_avg12,-9.1e-05
future_absret_5,HARplusMacro_Ridge,ppi_delta1_m1,0.00014
future_absret_5,HARplusMacro_Ridge,ppi_delta1_avg12,-0.004976
future_absret_5,HARplusMacro_Ridge,m2_yoy_m1,-3.8e-05
future_absret_5,HARplusMacro_Ridge,m2_yoy_avg12,-0.000101
future_absret_5,HARplusMacro_Ridge,m2_delta1_m1,-0.000304
future_absret_5,HARplusMacro_Ridge,m2_delta1_avg12,0.008866
future_absret_5,HARplusMacro_Ridge,epu_log_m1,2e-06
future_absret_5,HARplusMacro_Ridge,epu_log_avg12,-0.000216
future_absret_5,HARplusMacro_Ridge,epu_log_delta1_m1,0.000533
future_absret_5,HARplusMacro_Ridge,epu_log_delta1_avg12,0.013323
future_absret_5,HARplusMacro_Ridge,fx_log_m1,-0.00707
future_absret_5,HARplusMacro_Ridge,fx_log_avg12,-0.008928
future_absret_5,HARplusMacro_Ridge,fx_ret1_m1,0.027461
future_absret_5,HARplusMacro_Ridge,fx_ret1_avg12,0.513927
future_upratio_5,Macro_SummaryOLS,cpi_yoy_m1,0.103234
future_upratio_5,Macro_SummaryOLS,cpi_yoy_avg12,-0.111806
future_upratio_5,Macro_SummaryOLS,cpi_delta1_m1,0.00029
future_upratio_5,Macro_SummaryOLS,cpi_delta1_avg12,-0.892708
future_upratio_5,Macro_SummaryOLS,ppi_yoy_m1,-0.042344
future_upratio_5,Macro_SummaryOLS,ppi_yoy_avg12,0.040631
future_upratio_5,Macro_SummaryOLS,ppi_delta1_m1,-0.008253
future_upratio_5,Macro_SummaryOLS,ppi_delta1_avg12,0.289241
future_upratio_5,Macro_SummaryOLS,m2_yoy_m1,0.015688
future_upratio_5,Macro_SummaryOLS,m2_yoy_avg12,-0.00923
future_upratio_5,Macro_SummaryOLS,m2_delta1_m1,-0.001954
future_upratio_5,Macro_SummaryOLS,m2_delta1_avg12,-0.14511
future_upratio_5,Macro_SummaryOLS,epu_log_m1,-0.291479
future_upratio_5,Macro_SummaryOLS,epu_log_avg12,0.261223
future_upratio_5,Macro_SummaryOLS,epu_log_delta1_m1,-0.000105
future_upratio_5,Macro_SummaryOLS,epu_log_delta1_avg12,0.903567
future_upratio_5,Macro_SummaryOLS,fx_log_m1,7.257813
future_upratio_5,Macro_SummaryOLS,fx_log_avg12,-6.652356
future_upratio_5,Macro_SummaryOLS,fx_ret1_m1,0.308749
future_upratio_5,Macro_SummaryOLS,fx_ret1_avg12,-45.552413
future_upratio_5,Macro_Ridge,cpi_yoy_m1,-0.000724
future_upratio_5,Macro_Ridge,cpi_yoy_avg12,-0.000488
future_upratio_5,Macro_Ridge,cpi_delta1_m1,0.00016
future_upratio_5,Macro_Ridge,cpi_delta1_avg12,-0.067407
future_upratio_5,Macro_Ridge,ppi_yoy_m1,-0.000248
future_upratio_5,Macro_Ridge,ppi_yoy_avg12,-0.000225
future_upratio_5,Macro_Ridge,ppi_delta1_m1,-0.002132
future_upratio_5,Macro_Ridge,ppi_delta1_avg12,-0.028518
future_upratio_5,Macro_Ridge,m2_yoy_m1,0.000968
future_upratio_5,Macro_Ridge,m2_yoy_avg12,0.000978
future_upratio_5,Macro_Ridge,m2_delta1_m1,-4e-05
future_upratio_5,Macro_Ridge,m2_delta1_avg12,-0.005563
future_upratio_5,Macro_Ridge,epu_log_m1,-0.002208
future_upratio_5,Macro_Ridge,epu_log_avg12,-0.000653
future_upratio_5,Macro_Ridge,epu_log_delta1_m1,-0.024326
future_upratio_5,Macro_Ridge,epu_log_delta1_avg12,-0.110489
future_upratio_5,Macro_Ridge,fx_log_m1,0.012994
future_upratio_5,Macro_Ridge,fx_log_avg12,0.016181
future_upratio_5,Macro_Ridge,fx_ret1_m1,0.034969
future_upratio_5,Macro_Ridge,fx_ret1_avg12,-1.835784
future_upratio_5,Macro_PCR,PC1,0.262548
future_upratio_5,Macro_PCR,PC2,0.141933
future_upratio_5,Factor_OLS,price_factor_m1,0.000489
future_upratio_5,Factor_OLS,price_factor_avg12,-0.02474
future_upratio_5,Factor_OLS,money_factor_m1,0.001122
future_upratio_5,Factor_OLS,money_factor_avg12,0.01477
future_upratio_5,Factor_OLS,policy_factor_m1,-0.015765
future_upratio_5,Factor_OLS,policy_factor_avg12,0.002371
future_upratio_5,Factor_OLS,fx_factor_m1,0.014315
future_upratio_5,Factor_OLS,fx_factor_avg12,0.003352
future_upratio_5,Factor_Ridge,price_factor_m1,-0.000682
future_upratio_5,Factor_Ridge,price_factor_avg12,-0.00626
future_upratio_5,Factor_Ridge,money_factor_m1,0.000824
future_upratio_5,Factor_Ridge,money_factor_avg12,0.002469
future_upratio_5,Factor_Ridge,policy_factor_m1,-0.001722
future_upratio_5,Factor_Ridge,policy_factor_avg12,-0.00115
future_upratio_5,Factor_Ridge,fx_factor_m1,0.0004
future_upratio_5,Factor_Ridge,fx_factor_avg12,0.000121
future_upratio_5,HAR_OLS,past_upratio_5,-0.147387
future_upratio_5,HAR_OLS,past_upratio_20,0.162751
future_upratio_5,HAR_OLS,past_upratio_60,-0.027884
future_upratio_5,HAR_Ridge,past_upratio_5,-0.12784
future_upratio_5,HAR_Ridge,past_upratio_20,0.191894
future_upratio_5,HAR_Ridge,past_upratio_60,0.015328
future_upratio_5,HARplusMacro_Ridge,past_upratio_5,-0.009181
future_upratio_5,HARplusMacro_Ridge,past_upratio_20,0.005232
future_upratio_5,HARplusMacro_Ridge,past_upratio_60,0.004434
future_upratio_5,HARplusMacro_Ridge,cpi_yoy_m1,-0.000723
future_upratio_5,HARplusMacro_Ridge,cpi_yoy_avg12,-0.00049
future_upratio_5,HARplusMacro_Ridge,cpi_delta1_m1,0.000242
future_upratio_5,HARplusMacro_Ridge,cpi_delta1_avg12,-0.067369
future_upratio_5,HARplusMacro_Ridge,ppi_yoy_m1,-0.000249
future_upratio_5,HARplusMacro_Ridge,ppi_yoy_avg12,-0.000226
future_upratio_5,HARplusMacro_Ridge,ppi_delta1_m1,-0.002128
future_upratio_5,HARplusMacro_Ridge,ppi_delta1_avg12,-0.02871
future_upratio_5,HARplusMacro_Ridge,m2_yoy_m1,0.000969
future_upratio_5,HARplusMacro_Ridge,m2_yoy_avg12,0.00098
future_upratio_5,HARplusMacro_Ridge,m2_delta1_m1,-5.5e-05
future_upratio_5,HARplusMacro_Ridge,m2_delta1_avg12,-0.005558
future_upratio_5,HARplusMacro_Ridge,epu_log_m1,-0.002197
future_upratio_5,HARplusMacro_Ridge,epu_log_avg12,-0.000634
future_upratio_5,HARplusMacro_Ridge,epu_log_delta1_m1,-0.024325
future_upratio_5,HARplusMacro_Ridge,epu_log_delta1_avg12,-0.111306
future_upratio_5,HARplusMacro_Ridge,fx_log_m1,0.013207
future_upratio_5,HARplusMacro_Ridge,fx_log_avg12,0.016431
future_upratio_5,HARplusMacro_Ridge,fx_ret1_m1,0.02624
future_upratio_5,HARplusMacro_Ridge,fx_ret1_avg12,-1.838128
future_signbalance_5,Macro_SummaryOLS,cpi_yoy_m1,0.206468
future_signbalance_5,Macro_SummaryOLS,cpi_yoy_avg12,-0.223613
future_signbalance_5,Macro_SummaryOLS,cpi_delta1_m1,0.00058
future_signbalance_5,Macro_SummaryOLS,cpi_delta1_avg12,-1.785415
future_signbalance_5,Macro_SummaryOLS,ppi_yoy_m1,-0.084688
future_signbalance_5,Macro_SummaryOLS,ppi_yoy_avg12,0.081261
future_signbalance_5,Macro_SummaryOLS,ppi_delta1_m1,-0.016506
future_signbalance_5,Macro_SummaryOLS,ppi_delta1_avg12,0.578481
future_signbalance_5,Macro_SummaryOLS,m2_yoy_m1,0.031377
future_signbalance_5,Macro_SummaryOLS,m2_yoy_avg12,-0.01846
future_signbalance_5,Macro_SummaryOLS,m2_delta1_m1,-0.003907
future_signbalance_5,Macro_SummaryOLS,m2_delta1_avg12,-0.290219
future_signbalance_5,Macro_SummaryOLS,epu_log_m1,-0.582958
future_signbalance_5,Macro_SummaryOLS,epu_log_avg12,0.522445
future_signbalance_5,Macro_SummaryOLS,epu_log_delta1_m1,-0.000211
future_signbalance_5,Macro_SummaryOLS,epu_log_delta1_avg12,1.807134
future_signbalance_5,Macro_SummaryOLS,fx_log_m1,14.515627
future_signbalance_5,Macro_SummaryOLS,fx_log_avg12,-13.304713
future_signbalance_5,Macro_SummaryOLS,fx_ret1_m1,0.617498
future_signbalance_5,Macro_SummaryOLS,fx_ret1_avg12,-91.104827
future_signbalance_5,Macro_Ridge,cpi_yoy_m1,-0.001447
future_signbalance_5,Macro_Ridge,cpi_yoy_avg12,-0.000975
future_signbalance_5,Macro_Ridge,cpi_delta1_m1,0.000321
future_signbalance_5,Macro_Ridge,cpi_delta1_avg12,-0.134814
future_signbalance_5,Macro_Ridge,ppi_yoy_m1,-0.000497
future_signbalance_5,Macro_Ridge,ppi_yoy_avg12,-0.00045
future_signbalance_5,Macro_Ridge,ppi_delta1_m1,-0.004263
future_signbalance_5,Macro_Ridge,ppi_delta1_avg12,-0.057035
future_signbalance_5,Macro_Ridge,m2_yoy_m1,0.001937
future_signbalance_5,Macro_Ridge,m2_yoy_avg12,0.001955
future_signbalance_5,Macro_Ridge,m2_delta1_m1,-7.9e-05
future_signbalance_5,Macro_Ridge,m2_delta1_avg12,-0.011127
future_signbalance_5,Macro_Ridge,epu_log_m1,-0.004416
future_signbalance_5,Macro_Ridge,epu_log_avg12,-0.001307
future_signbalance_5,Macro_Ridge,epu_log_delta1_m1,-0.048652
future_signbalance_5,Macro_Ridge,epu_log_delta1_avg12,-0.220978
future_signbalance_5,Macro_Ridge,fx_log_m1,0.025988
future_signbalance_5,Macro_Ridge,fx_log_avg12,0.032361
future_signbalance_5,Macro_Ridge,fx_ret1_m1,0.069938
future_signbalance_5,Macro_Ridge,fx_ret1_avg12,-3.671567
future_signbalance_5,Macro_PCR,PC1,0.262548
future_signbalance_5,Macro_PCR,PC2,0.141933
future_signbalance_5,Factor_OLS,price_factor_m1,0.000978
future_signbalance_5,Factor_OLS,price_factor_avg12,-0.049481
future_signbalance_5,Factor_OLS,money_factor_m1,0.002243
future_signbalance_5,Factor_OLS,money_factor_avg12,0.029541
future_signbalance_5,Factor_OLS,policy_factor_m1,-0.031531
future_signbalance_5,Factor_OLS,policy_factor_avg12,0.004742
future_signbalance_5,Factor_OLS,fx_factor_m1,0.02863
future_signbalance_5,Factor_OLS,fx_factor_avg12,0.006703
future_signbalance_5,Factor_Ridge,price_factor_m1,-0.001364
future_signbalance_5,Factor_Ridge,price_factor_avg12,-0.01252
future_signbalance_5,Factor_Ridge,money_factor_m1,0.001649
future_signbalance_5,Factor_Ridge,money_factor_avg12,0.004937
future_signbalance_5,Factor_Ridge,policy_factor_m1,-0.003443
future_signbalance_5,Factor_Ridge,policy_factor_avg12,-0.002301
future_signbalance_5,Factor_Ridge,fx_factor_m1,0.0008
future_signbalance_5,Factor_Ridge,fx_factor_avg12,0.000242
future_signbalance_5,HAR_OLS,past_signbalance_5,-0.147387
future_signbalance_5,HAR_OLS,past_signbalance_20,0.162751
future_signbalance_5,HAR_OLS,past_signbalance_60,-0.027884
future_signbalance_5,HAR_Ridge,past_signbalance_5,-0.12784
future_signbalance_5,HAR_Ridge,past_signbalance_20,0.191894
future_signbalance_5,HAR_Ridge,past_signbalance_60,0.015328
future_signbalance_5,HARplusMacro_Ridge,past_signbalance_5,-0.009181
future_signbalance_5,HARplusMacro_Ridge,past_signbalance_20,0.005232
future_signbalance_5,HARplusMacro_Ridge,past_signbalance_60,0.004434
future_signbalance_5,HARplusMacro_Ridge,cpi_yoy_m1,-0.001446
future_signbalance_5,HARplusMacro_Ridge,cpi_yoy_avg12,-0.000979
future_signbalance_5,HARplusMacro_Ridge,cpi_delta1_m1,0.000484
future_signbalance_5,HARplusMacro_Ridge,cpi_delta1_avg12,-0.134738
future_signbalance_5,HARplusMacro_Ridge,ppi_yoy_m1,-0.000499
future_signbalance_5,HARplusMacro_Ridge,ppi_yoy_avg12,-0.000452
future_signbalance_5,HARplusMacro_Ridge,ppi_delta1_m1,-0.004256
future_signbalance_5,HARplusMacro_Ridge,ppi_delta1_avg12,-0.057421
future_signbalance_5,HARplusMacro_Ridge,m2_yoy_m1,0.001939
future_signbalance_5,HARplusMacro_Ridge,m2_yoy_avg12,0.00196
future_signbalance_5,HARplusMacro_Ridge,m2_delta1_m1,-0.00011
future_signbalance_5,HARplusMacro_Ridge,m2_delta1_avg12,-0.011115
future_signbalance_5,HARplusMacro_Ridge,epu_log_m1,-0.004395
future_signbalance_5,HARplusMacro_Ridge,epu_log_avg12,-0.001268
future_signbalance_5,HARplusMacro_Ridge,epu_log_delta1_m1,-0.04865
future_signbalance_5,HARplusMacro_Ridge,epu_log_delta1_avg12,-0.222613
future_signbalance_5,HARplusMacro_Ridge,fx_log_m1,0.026414
future_signbalance_5,HARplusMacro_Ridge,fx_log_avg12,0.032862
future_signbalance_5,HARplusMacro_Ridge,fx_ret1_m1,0.052479
future_signbalance_5,HARplusMacro_Ridge,fx_ret1_avg12,-3.676255
future_logrv_20,Macro_SummaryOLS,cpi_yoy_m1,-0.013696
future_logrv_20,Macro_SummaryOLS,cpi_yoy_avg12,0.019744
future_logrv_20,Macro_SummaryOLS,cpi_delta1_m1,0.000143
future_logrv_20,Macro_SummaryOLS,cpi_delta1_avg12,2.130869
future_logrv_20,Macro_SummaryOLS,ppi_yoy_m1,-0.040648
future_logrv_20,Macro_SummaryOLS,ppi_yoy_avg12,-0.103017
future_logrv_20,Macro_SummaryOLS,ppi_delta1_m1,0.002581
future_logrv_20,Macro_SummaryOLS,ppi_delta1_avg12,-1.938094
future_logrv_20,Macro_SummaryOLS,m2_yoy_m1,-0.010808
future_logrv_20,Macro_SummaryOLS,m2_yoy_avg12,-0.182859
future_logrv_20,Macro_SummaryOLS,m2_delta1_m1,-0.031599
future_logrv_20,Macro_SummaryOLS,m2_delta1_avg12,0.930877
future_logrv_20,Macro_SummaryOLS,epu_log_m1,0.659812
future_logrv_20,Macro_SummaryOLS,epu_log_avg12,-0.459947
future_logrv_20,Macro_SummaryOLS,epu_log_delta1_m1,0.004431
future_logrv_20,Macro_SummaryOLS,epu_log_delta1_avg12,-3.842915
future_logrv_20,Macro_SummaryOLS,fx_log_m1,-6.004426
future_logrv_20,Macro_SummaryOLS,fx_log_avg12,-6.591892
future_logrv_20,Macro_SummaryOLS,fx_ret1_m1,2.078748
future_logrv_20,Macro_SummaryOLS,fx_ret1_avg12,125.229332
future_logrv_20,Macro_Ridge,cpi_yoy_m1,0.01201
future_logrv_20,Macro_Ridge,cpi_yoy_avg12,0.010745
future_logrv_20,Macro_Ridge,cpi_delta1_m1,0.019071
future_logrv_20,Macro_Ridge,cpi_delta1_avg12,0.290557
future_logrv_20,Macro_Ridge,ppi_yoy_m1,-0.012294
future_logrv_20,Macro_Ridge,ppi_yoy_avg12,-0.011942
future_logrv_20,Macro_Ridge,ppi_delta1_m1,-0.029533
future_logrv_20,Macro_Ridge,ppi_delta1_avg12,-0.455275
future_logrv_20,Macro_Ridge,m2_yoy_m1,0.001307
future_logrv_20,Macro_Ridge,m2_yoy_avg12,0.000215
future_logrv_20,Macro_Ridge,m2_delta1_m1,0.004558
future_logrv_20,Macro_Ridge,m2_delta1_avg12,0.203701
future_logrv_20,Macro_Ridge,epu_log_m1,-0.011603
future_logrv_20,Macro_Ridge,epu_log_avg12,-0.014963
future_logrv_20,Macro_Ridge,epu_log_delta1_m1,0.039488
future_logrv_20,Macro_Ridge,epu_log_delta1_avg12,0.18712
future_logrv_20,Macro_Ridge,fx_log_m1,-0.88936
future_logrv_20,Macro_Ridge,fx_log_avg12,-0.939128
future_logrv_20,Macro_Ridge,fx_ret1_m1,2.885117
future_logrv_20,Macro_Ridge,fx_ret1_avg12,21.120048
future_logrv_20,Macro_PCR,PC1,0.263635
future_logrv_20,Factor_OLS,price_factor_m1,0.004121
future_logrv_20,Factor_OLS,price_factor_avg12,-0.662386
future_logrv_20,Factor_OLS,money_factor_m1,0.012113
future_logrv_20,Factor_OLS,money_factor_avg12,-0.09211
future_logrv_20,Factor_OLS,policy_factor_m1,0.040323
future_logrv_20,Factor_OLS,policy_factor_avg12,0.095958
future_logrv_20,Factor_OLS,fx_factor_m1,0.033471
future_logrv_20,Factor_OLS,fx_factor_avg12,-0.417266
future_logrv_20,Factor_Ridge,price_factor_m1,-0.014323
future_logrv_20,Factor_Ridge,price_factor_avg12,-0.091721
future_logrv_20,Factor_Ridge,money_factor_m1,0.004252
future_logrv_20,Factor_Ridge,money_factor_avg12,0.009969
future_logrv_20,Factor_Ridge,policy_factor_m1,-0.001378
future_logrv_20,Factor_Ridge,policy_factor_avg12,-0.007857
future_logrv_20,Factor_Ridge,fx_factor_m1,-0.016584
future_logrv_20,Factor_Ridge,fx_factor_avg12,-0.0436
future_logrv_20,HAR_OLS,past_logrv_5,0.121181
future_logrv_20,HAR_OLS,past_logrv_20,0.387483
future_logrv_20,HAR_OLS,past_logrv_60,0.214768
future_logrv_20,HAR_Ridge,past_logrv_5,0.048779
future_logrv_20,HAR_Ridge,past_logrv_20,0.065344
future_logrv_20,HAR_Ridge,past_logrv_60,0.065684
future_logrv_20,HARplusMacro_Ridge,past_logrv_5,0.044361
future_logrv_20,HARplusMacro_Ridge,past_logrv_20,0.058713
future_logrv_20,HARplusMacro_Ridge,past_logrv_60,0.057367
future_logrv_20,HARplusMacro_Ridge,cpi_yoy_m1,0.010049
future_logrv_20,HARplusMacro_Ridge,cpi_yoy_avg12,0.008903
future_logrv_20,HARplusMacro_Ridge,cpi_delta1_m1,0.016294
future_logrv_20,HARplusMacro_Ridge,cpi_delta1_avg12,0.257486
future_logrv_20,HARplusMacro_Ridge,ppi_yoy_m1,-0.009973
future_logrv_20,HARplusMacro_Ridge,ppi_yoy_avg12,-0.009671
future_logrv_20,HARplusMacro_Ridge,ppi_delta1_m1,-0.023916
future_logrv_20,HARplusMacro_Ridge,ppi_delta1_avg12,-0.388269
future_logrv_20,HARplusMacro_Ridge,m2_yoy_m1,0.000206
future_logrv_20,HARplusMacro_Ridge,m2_yoy_avg12,-0.000767
future_logrv_20,HARplusMacro_Ridge,m2_delta1_m1,0.003719
future_logrv_20,HARplusMacro_Ridge,m2_delta1_avg12,0.16666
future_logrv_20,HARplusMacro_Ridge,epu_log_m1,-0.011445
future_logrv_20,HARplusMacro_Ridge,epu_log_avg12,-0.014274
future_logrv_20,HARplusMacro_Ridge,epu_log_delta1_m1,0.037083
future_logrv_20,HARplusMacro_Ridge,epu_log_delta1_avg12,0.105651
future_logrv_20,HARplusMacro_Ridge,fx_log_m1,-0.740805
future_logrv_20,HARplusMacro_Ridge,fx_log_avg12,-0.780128
future_logrv_20,HARplusMacro_Ridge,fx_ret1_m1,2.37412
future_logrv_20,HARplusMacro_Ridge,fx_ret1_avg12,16.335
future_absret_20,Macro_SummaryOLS,cpi_yoy_m1,-0.000562
future_absret_20,Macro_SummaryOLS,cpi_yoy_avg12,0.000485
future_absret_20,Macro_SummaryOLS,cpi_delta1_m1,4.8e-05
future_absret_20,Macro_SummaryOLS,cpi_delta1_avg12,0.015433
future_absret_20,Macro_SummaryOLS,ppi_yoy_m1,-0.000107
future_absret_20,Macro_SummaryOLS,ppi_yoy_avg12,-0.000499
future_absret_20,Macro_SummaryOLS,ppi_delta1_m1,-0.000131
future_absret_20,Macro_SummaryOLS,ppi_delta1_avg12,-0.010672
future_absret_20,Macro_SummaryOLS,m2_yoy_m1,0.000322
future_absret_20,Macro_SummaryOLS,m2_yoy_avg12,-0.001063
future_absret_20,Macro_SummaryOLS,m2_delta1_m1,-0.000295
future_absret_20,Macro_SummaryOLS,m2_delta1_avg12,0.005715
future_absret_20,Macro_SummaryOLS,epu_log_m1,0.003237
future_absret_20,Macro_SummaryOLS,epu_log_avg12,-0.002657
future_absret_20,Macro_SummaryOLS,epu_log_delta1_m1,-0.00011
future_absret_20,Macro_SummaryOLS,epu_log_delta1_avg12,-0.015973
future_absret_20,Macro_SummaryOLS,fx_log_m1,-0.014222
future_absret_20,Macro_SummaryOLS,fx_log_avg12,-0.042085
future_absret_20,Macro_SummaryOLS,fx_ret1_m1,0.002861
future_absret_20,Macro_SummaryOLS,fx_ret1_avg12,0.838404
future_absret_20,Macro_Ridge,cpi_yoy_m1,2.8e-05
future_absret_20,Macro_Ridge,cpi_yoy_avg12,2e-05
future_absret_20,Macro_Ridge,cpi_delta1_m1,9.8e-05
future_absret_20,Macro_Ridge,cpi_delta1_avg12,0.001799
future_absret_20,Macro_Ridge,ppi_yoy_m1,-5.3e-05
future_absret_20,Macro_Ridge,ppi_yoy_avg12,-5.1e-05
future_absret_20,Macro_Ridge,ppi_delta1_m1,-0.000136
future_absret_20,Macro_Ridge,ppi_delta1_avg12,-0.00186
future_absret_20,Macro_Ridge,m2_yoy_m1,1.7e-05
future_absret_20,Macro_Ridge,m2_yoy_avg12,1e-05
future_absret_20,Macro_Ridge,m2_delta1_m1,3.2e-05
future_absret_20,Macro_Ridge,m2_delta1_avg12,0.001263
future_absret_20,Macro_Ridge,epu_log_m1,-8.6e-05
future_absret_20,Macro_Ridge,epu_log_avg12,-0.000108
future_absret_20,Macro_Ridge,epu_log_delta1_m1,0.000233
future_absret_20,Macro_Ridge,epu_log_delta1_avg12,0.001371
future_absret_20,Macro_Ridge,fx_log_m1,-0.004544
future_absret_20,Macro_Ridge,fx_log_avg12,-0.004862
future_absret_20,Macro_Ridge,fx_ret1_m1,0.016875
future_absret_20,Macro_Ridge,fx_ret1_avg12,0.130545
future_absret_20,Macro_PCR,PC1,0.263635
future_absret_20,Factor_OLS,price_factor_m1,-7e-06
future_absret_20,Factor_OLS,price_factor_avg12,-0.002854
future_absret_20,Factor_OLS,money_factor_m1,9.8e-05
future_absret_20,Factor_OLS,money_factor_avg12,-0.000187
future_absret_20,Factor_OLS,policy_factor_m1,0.000215
future_absret_20,Factor_OLS,policy_factor_avg12,8.1e-05
future_absret_20,Factor_OLS,fx_factor_m1,0.00018
future_absret_20,Factor_OLS,fx_factor_avg12,-0.001778
future_absret_20,Factor_Ridge,price_factor_m1,-6.7e-05
future_absret_20,Factor_Ridge,price_factor_avg12,-0.000409
future_absret_20,Factor_Ridge,money_factor_m1,3.3e-05
future_absret_20,Factor_Ridge,money_factor_avg12,7.8e-05
future_absret_20,Factor_Ridge,policy_factor_m1,-1.6e-05
future_absret_20,Factor_Ridge,policy_factor_avg12,-6.3e-05
future_absret_20,Factor_Ridge,fx_factor_m1,-8.3e-05
future_absret_20,Factor_Ridge,fx_factor_avg12,-0.000222
future_absret_20,HAR_OLS,past_absret_5,0.106317
future_absret_20,HAR_OLS,past_absret_20,0.308906
future_absret_20,HAR_OLS,past_absret_60,0.165759
future_absret_20,HAR_Ridge,past_absret_5,0.039426
future_absret_20,HAR_Ridge,past_absret_20,0.05294
future_absret_20,HAR_Ridge,past_absret_60,0.050941
future_absret_20,HARplusMacro_Ridge,past_absret_5,0.035666
future_absret_20,HARplusMacro_Ridge,past_absret_20,0.047698
future_absret_20,HARplusMacro_Ridge,past_absret_60,0.044517
future_absret_20,HARplusMacro_Ridge,cpi_yoy_m1,2.7e-05
future_absret_20,HARplusMacro_Ridge,cpi_yoy_avg12,2e-05
future_absret_20,HARplusMacro_Ridge,cpi_delta1_m1,8.3e-05
future_absret_20,HARplusMacro_Ridge,cpi_delta1_avg12,0.001608
future_absret_20,HARplusMacro_Ridge,ppi_yoy_m1,-4.4e-05
future_absret_20,HARplusMacro_Ridge,ppi_yoy_avg12,-4.2e-05
future_absret_20,HARplusMacro_Ridge,ppi_delta1_m1,-0.000112
future_absret_20,HARplusMacro_Ridge,ppi_delta1_avg12,-0.001588
future_absret_20,HARplusMacro_Ridge,m2_yoy_m1,1e-05
future_absret_20,HARplusMacro_Ridge,m2_yoy_avg12,3e-06
future_absret_20,HARplusMacro_Ridge,m2_delta1_m1,2.7e-05
future_absret_20,HARplusMacro_Ridge,m2_delta1_avg12,0.00106
future_absret_20,HARplusMacro_Ridge,epu_log_m1,-7.9e-05
future_absret_20,HARplusMacro_Ridge,epu_log_avg12,-9.8e-05
future_absret_20,HARplusMacro_Ridge,epu_log_delta1_m1,0.000224
future_absret_20,HARplusMacro_Ridge,epu_log_delta1_avg12,0.001073
future_absret_20,HARplusMacro_Ridge,fx_log_m1,-0.003743
future_absret_20,HARplusMacro_Ridge,fx_log_avg12,-0.004025
future_absret_20,HARplusMacro_Ridge,fx_ret1_m1,0.015142
future_absret_20,HARplusMacro_Ridge,fx_ret1_avg12,0.110824
future_upratio_20,Macro_SummaryOLS,cpi_yoy_m1,-0.021535
future_upratio_20,Macro_SummaryOLS,cpi_yoy_avg12,0.017478
future_upratio_20,Macro_SummaryOLS,cpi_delta1_m1,-0.00928
future_upratio_20,Macro_SummaryOLS,cpi_delta1_avg12,-0.275198
future_upratio_20,Macro_SummaryOLS,ppi_yoy_m1,0.010539
future_upratio_20,Macro_SummaryOLS,ppi_yoy_avg12,-0.011154
future_upratio_20,Macro_SummaryOLS,ppi_delta1_m1,-0.003414
future_upratio_20,Macro_SummaryOLS,ppi_delta1_avg12,-0.064396
future_upratio_20,Macro_SummaryOLS,m2_yoy_m1,0.003119
future_upratio_20,Macro_SummaryOLS,m2_yoy_avg12,0.006346
future_upratio_20,Macro_SummaryOLS,m2_delta1_m1,-0.004497
future_upratio_20,Macro_SummaryOLS,m2_delta1_avg12,0.05966
future_upratio_20,Macro_SummaryOLS,epu_log_m1,-0.084874
future_upratio_20,Macro_SummaryOLS,epu_log_avg12,0.06027
future_upratio_20,Macro_SummaryOLS,epu_log_delta1_m1,0.003277
future_upratio_20,Macro_SummaryOLS,epu_log_delta1_avg12,0.518397
future_upratio_20,Macro_SummaryOLS,fx_log_m1,1.641933
future_upratio_20,Macro_SummaryOLS,fx_log_avg12,-1.064053
future_upratio_20,Macro_SummaryOLS,fx_ret1_m1,0.729603
future_upratio_20,Macro_SummaryOLS,fx_ret1_avg12,-39.0358
future_upratio_20,Macro_Ridge,cpi_yoy_m1,-0.000257
future_upratio_20,Macro_Ridge,cpi_yoy_avg12,0.000232
future_upratio_20,Macro_Ridge,cpi_delta1_m1,-0.007001
future_upratio_20,Macro_Ridge,cpi_delta1_avg12,-0.078045
future_upratio_20,Macro_Ridge,ppi_yoy_m1,-0.000191
future_upratio_20,Macro_Ridge,ppi_yoy_avg12,-0.000173
future_upratio_20,Macro_Ridge,ppi_delta1_m1,-0.001594
future_upratio_20,Macro_Ridge,ppi_delta1_avg12,-0.024495
future_upratio_20,Macro_Ridge,m2_yoy_m1,0.000991
future_upratio_20,Macro_Ridge,m2_yoy_avg12,0.000995
future_upratio_20,Macro_Ridge,m2_delta1_m1,-5.7e-05
future_upratio_20,Macro_Ridge,m2_delta1_avg12,0.007173
future_upratio_20,Macro_Ridge,epu_log_m1,-0.001107
future_upratio_20,Macro_Ridge,epu_log_avg12,-0.000853
future_upratio_20,Macro_Ridge,epu_log_delta1_m1,-0.005539
future_upratio_20,Macro_Ridge,epu_log_delta1_avg12,-0.009581
future_upratio_20,Macro_Ridge,fx_log_m1,0.016849
future_upratio_20,Macro_Ridge,fx_log_avg12,0.025346
future_upratio_20,Macro_Ridge,fx_ret1_m1,-0.265807
future_upratio_20,Macro_Ridge,fx_ret1_avg12,-3.575777
future_upratio_20,Macro_PCR,PC1,0.263635
future_upratio_20,Macro_PCR,PC2,0.141366
future_upratio_20,Factor_OLS,price_factor_m1,-0.001835
future_upratio_20,Factor_OLS,price_factor_avg12,-0.021094
future_upratio_20,Factor_OLS,money_factor_m1,-0.000245
future_upratio_20,Factor_OLS,money_factor_avg12,0.022762
future_upratio_20,Factor_OLS,policy_factor_m1,-0.003592
future_upratio_20,Factor_OLS,policy_factor_avg12,0.004807
future_upratio_20,Factor_OLS,fx_factor_m1,0.001503
future_upratio_20,Factor_OLS,fx_factor_avg12,0.003287
future_upratio_20,Factor_Ridge,price_factor_m1,-0.001018
future_upratio_20,Factor_Ridge,price_factor_avg12,-0.005108
future_upratio_20,Factor_Ridge,money_factor_m1,0.000842
future_upratio_20,Factor_Ridge,money_factor_avg12,0.002694
future_upratio_20,Factor_Ridge,policy_factor_m1,-0.00051
future_upratio_20,Factor_Ridge,policy_factor_avg12,-0.000446
future_upratio_20,Factor_Ridge,fx_factor_m1,-6.9e-05
future_upratio_20,Factor_Ridge,fx_factor_avg12,-0.000159
future_upratio_20,HAR_OLS,past_upratio_5,-0.017319
future_upratio_20,HAR_OLS,past_upratio_20,0.050738
future_upratio_20,HAR_OLS,past_upratio_60,0.052858
future_upratio_20,HAR_Ridge,past_upratio_5,0.001025
future_upratio_20,HAR_Ridge,past_upratio_20,0.003848
future_upratio_20,HAR_Ridge,past_upratio_60,0.013226
future_upratio_20,HARplusMacro_Ridge,past_upratio_5,0.000665
future_upratio_20,HARplusMacro_Ridge,past_upratio_20,0.002351
future_upratio_20,HARplusMacro_Ridge,past_upratio_60,0.010749
future_upratio_20,HARplusMacro_Ridge,cpi_yoy_m1,-0.000255
future_upratio_20,HARplusMacro_Ridge,cpi_yoy_avg12,0.000235
future_upratio_20,HARplusMacro_Ridge,cpi_delta1_m1,-0.007018
future_upratio_20,HARplusMacro_Ridge,cpi_delta1_avg12,-0.078201
future_upratio_20,HARplusMacro_Ridge,ppi_yoy_m1,-0.000191
future_upratio_20,HARplusMacro_Ridge,ppi_yoy_avg12,-0.000173
future_upratio_20,HARplusMacro_Ridge,ppi_delta1_m1,-0.001596
future_upratio_20,HARplusMacro_Ridge,ppi_delta1_avg12,-0.024503
future_upratio_20,HARplusMacro_Ridge,m2_yoy_m1,0.000984
future_upratio_20,HARplusMacro_Ridge,m2_yoy_avg12,0.000987
future_upratio_20,HARplusMacro_Ridge,m2_delta1_m1,-5.3e-05
future_upratio_20,HARplusMacro_Ridge,m2_delta1_avg12,0.007209
future_upratio_20,HARplusMacro_Ridge,epu_log_m1,-0.001049
future_upratio_20,HARplusMacro_Ridge,epu_log_avg12,-0.000795
future_upratio_20,HARplusMacro_Ridge,epu_log_delta1_m1,-0.005537
future_upratio_20,HARplusMacro_Ridge,epu_log_delta1_avg12,-0.009066
future_upratio_20,HARplusMacro_Ridge,fx_log_m1,0.017246
future_upratio_20,HARplusMacro_Ridge,fx_log_avg12,0.025659
future_upratio_20,HARplusMacro_Ridge,fx_ret1_m1,-0.26136
future_upratio_20,HARplusMacro_Ridge,fx_ret1_avg12,-3.545517
future_signbalance_20,Macro_SummaryOLS,cpi_yoy_m1,-0.043071
future_signbalance_20,Macro_SummaryOLS,cpi_yoy_avg12,0.034956
future_signbalance_20,Macro_SummaryOLS,cpi_delta1_m1,-0.01856
future_signbalance_20,Macro_SummaryOLS,cpi_delta1_avg12,-0.550397
future_signbalance_20,Macro_SummaryOLS,ppi_yoy_m1,0.021078
future_signbalance_20,Macro_SummaryOLS,ppi_yoy_avg12,-0.022309
future_signbalance_20,Macro_SummaryOLS,ppi_delta1_m1,-0.006827
future_signbalance_20,Macro_SummaryOLS,ppi_delta1_avg12,-0.128792
future_signbalance_20,Macro_SummaryOLS,m2_yoy_m1,0.006238
future_signbalance_20,Macro_SummaryOLS,m2_yoy_avg12,0.012693
future_signbalance_20,Macro_SummaryOLS,m2_delta1_m1,-0.008994
future_signbalance_20,Macro_SummaryOLS,m2_delta1_avg12,0.11932
future_signbalance_20,Macro_SummaryOLS,epu_log_m1,-0.169748
future_signbalance_20,Macro_SummaryOLS,epu_log_avg12,0.12054
future_signbalance_20,Macro_SummaryOLS,epu_log_delta1_m1,0.006553
future_signbalance_20,Macro_SummaryOLS,epu_log_delta1_avg12,1.036794
future_signbalance_20,Macro_SummaryOLS,fx_log_m1,3.283866
future_signbalance_20,Macro_SummaryOLS,fx_log_avg12,-2.128105
future_signbalance_20,Macro_SummaryOLS,fx_ret1_m1,1.459205
future_signbalance_20,Macro_SummaryOLS,fx_ret1_avg12,-78.0716
future_signbalance_20,Macro_Ridge,cpi_yoy_m1,-0.000515
future_signbalance_20,Macro_Ridge,cpi_yoy_avg12,0.000463
future_signbalance_20,Macro_Ridge,cpi_delta1_m1,-0.014002
future_signbalance_20,Macro_Ridge,cpi_delta1_avg12,-0.156091
future_signbalance_20,Macro_Ridge,ppi_yoy_m1,-0.000383
future_signbalance_20,Macro_Ridge,ppi_yoy_avg12,-0.000347
future_signbalance_20,Macro_Ridge,ppi_delta1_m1,-0.003188
future_signbalance_20,Macro_Ridge,ppi_delta1_avg12,-0.04899
future_signbalance_20,Macro_Ridge,m2_yoy_m1,0.001982
future_signbalance_20,Macro_Ridge,m2_yoy_avg12,0.00199
future_signbalance_20,Macro_Ridge,m2_delta1_m1,-0.000113
future_signbalance_20,Macro_Ridge,m2_delta1_avg12,0.014345
future_signbalance_20,Macro_Ridge,epu_log_m1,-0.002214
future_signbalance_20,Macro_Ridge,epu_log_avg12,-0.001706
future_signbalance_20,Macro_Ridge,epu_log_delta1_m1,-0.011078
future_signbalance_20,Macro_Ridge,epu_log_delta1_avg12,-0.019162
future_signbalance_20,Macro_Ridge,fx_log_m1,0.033698
future_signbalance_20,Macro_Ridge,fx_log_avg12,0.050692
future_signbalance_20,Macro_Ridge,fx_ret1_m1,-0.531615
future_signbalance_20,Macro_Ridge,fx_ret1_avg12,-7.151554
future_signbalance_20,Macro_PCR,PC1,0.263635
future_signbalance_20,Macro_PCR,PC2,0.141366
future_signbalance_20,Factor_OLS,price_factor_m1,-0.003669
future_signbalance_20,Factor_OLS,price_factor_avg12,-0.042187
future_signbalance_20,Factor_OLS,money_factor_m1,-0.000491
future_signbalance_20,Factor_OLS,money_factor_avg12,0.045524
future_signbalance_20,Factor_OLS,policy_factor_m1,-0.007184
future_signbalance_20,Factor_OLS,policy_factor_avg12,0.009614
future_signbalance_20,Factor_OLS,fx_factor_m1,0.003006
future_signbalance_20,Factor_OLS,fx_factor_avg12,0.006574
future_signbalance_20,Factor_Ridge,price_factor_m1,-0.002037
future_signbalance_20,Factor_Ridge,price_factor_avg12,-0.010217
future_signbalance_20,Factor_Ridge,money_factor_m1,0.001683
future_signbalance_20,Factor_Ridge,money_factor_avg12,0.005387
future_signbalance_20,Factor_Ridge,policy_factor_m1,-0.001021
future_signbalance_20,Factor_Ridge,policy_factor_avg12,-0.000892
future_signbalance_20,Factor_Ridge,fx_factor_m1,-0.000138
future_signbalance_20,Factor_Ridge,fx_factor_avg12,-0.000318
future_signbalance_20,HAR_OLS,past_signbalance_5,-0.017319
future_signbalance_20,HAR_OLS,past_signbalance_20,0.050738
future_signbalance_20,HAR_OLS,past_signbalance_60,0.052858
future_signbalance_20,HAR_Ridge,past_signbalance_5,0.001025
future_signbalance_20,HAR_Ridge,past_signbalance_20,0.003848
future_signbalance_20,HAR_Ridge,past_signbalance_60,0.013226
future_signbalance_20,HARplusMacro_Ridge,past_signbalance_5,0.000665
future_signbalance_20,HARplusMacro_Ridge,past_signbalance_20,0.002351
future_signbalance_20,HARplusMacro_Ridge,past_signbalance_60,0.010749
future_signbalance_20,HARplusMacro_Ridge,cpi_yoy_m1,-0.00051
future_signbalance_20,HARplusMacro_Ridge,cpi_yoy_avg12,0.00047
future_signbalance_20,HARplusMacro_Ridge,cpi_delta1_m1,-0.014036
future_signbalance_20,HARplusMacro_Ridge,cpi_delta1_avg12,-0.156403
future_signbalance_20,HARplusMacro_Ridge,ppi_yoy_m1,-0.000382
future_signbalance_20,HARplusMacro_Ridge,ppi_yoy_avg12,-0.000346
future_signbalance_20,HARplusMacro_Ridge,ppi_delta1_m1,-0.003193
future_signbalance_20,HARplusMacro_Ridge,ppi_delta1_avg12,-0.049006
future_signbalance_20,HARplusMacro_Ridge,m2_yoy_m1,0.001967
future_signbalance_20,HARplusMacro_Ridge,m2_yoy_avg12,0.001974
future_signbalance_20,HARplusMacro_Ridge,m2_delta1_m1,-0.000106
future_signbalance_20,HARplusMacro_Ridge,m2_delta1_avg12,0.014418
future_signbalance_20,HARplusMacro_Ridge,epu_log_m1,-0.002098
future_signbalance_20,HARplusMacro_Ridge,epu_log_avg12,-0.001591
future_signbalance_20,HARplusMacro_Ridge,epu_log_delta1_m1,-0.011074
future_signbalance_20,HARplusMacro_Ridge,epu_log_delta1_avg12,-0.018132
future_signbalance_20,HARplusMacro_Ridge,fx_log_m1,0.034491
future_signbalance_20,HARplusMacro_Ridge,fx_log_avg12,0.051318
future_signbalance_20,HARplusMacro_Ridge,fx_ret1_m1,-0.522721
future_signbalance_20,HARplusMacro_Ridge,fx_ret1_avg12,-7.091033
future_logrv_60,Macro_SummaryOLS,cpi_yoy_m1,0.094157
future_logrv_60,Macro_SummaryOLS,cpi_yoy_avg12,-0.04626
future_logrv_60,Macro_SummaryOLS,cpi_delta1_m1,-0.002999
future_logrv_60,Macro_SummaryOLS,cpi_delta1_avg12,-0.003992
future_logrv_60,Macro_SummaryOLS,ppi_yoy_m1,-0.071794
future_logrv_60,Macro_SummaryOLS,ppi_yoy_avg12,-0.059581
future_logrv_60,Macro_SummaryOLS,ppi_delta1_m1,0.00154
future_logrv_60,Macro_SummaryOLS,ppi_delta1_avg12,-2.029782
future_logrv_60,Macro_SummaryOLS,m2_yoy_m1,-0.029097
future_logrv_60,Macro_SummaryOLS,m2_yoy_avg12,-0.18396
future_logrv_60,Macro_SummaryOLS,m2_delta1_m1,-0.025727
future_logrv_60,Macro_SummaryOLS,m2_delta1_avg12,1.120723
future_logrv_60,Macro_SummaryOLS,epu_log_m1,0.243919
future_logrv_60,Macro_SummaryOLS,epu_log_avg12,-0.034142
future_logrv_60,Macro_SummaryOLS,epu_log_delta1_m1,0.063421
future_logrv_60,Macro_SummaryOLS,epu_log_delta1_avg12,-4.148055
future_logrv_60,Macro_SummaryOLS,fx_log_m1,-10.141914
future_logrv_60,Macro_SummaryOLS,fx_log_avg12,-2.472438
future_logrv_60,Macro_SummaryOLS,fx_ret1_m1,2.110986
future_logrv_60,Macro_SummaryOLS,fx_ret1_avg12,74.929018
future_logrv_60,Macro_Ridge,cpi_yoy_m1,0.014839
future_logrv_60,Macro_Ridge,cpi_yoy_avg12,0.014409
future_logrv_60,Macro_Ridge,cpi_delta1_m1,0.013149
future_logrv_60,Macro_Ridge,cpi_delta1_avg12,0.149055
future_logrv_60,Macro_Ridge,ppi_yoy_m1,-0.010258
future_logrv_60,Macro_Ridge,ppi_yoy_avg12,-0.009801
future_logrv_60,Macro_Ridge,ppi_delta1_m1,-0.038898
future_logrv_60,Macro_Ridge,ppi_delta1_avg12,-0.550869
future_logrv_60,Macro_Ridge,m2_yoy_m1,-0.002339
future_logrv_60,Macro_Ridge,m2_yoy_avg12,-0.003673
future_logrv_60,Macro_Ridge,m2_delta1_m1,0.005382
future_logrv_60,Macro_Ridge,m2_delta1_avg12,0.225668
future_logrv_60,Macro_Ridge,epu_log_m1,-0.008056
future_logrv_60,Macro_Ridge,epu_log_avg12,-0.00782
future_logrv_60,Macro_Ridge,epu_log_delta1_m1,0.001603
future_logrv_60,Macro_Ridge,epu_log_delta1_avg12,-0.107498
future_logrv_60,Macro_Ridge,fx_log_m1,-0.824021
future_logrv_60,Macro_Ridge,fx_log_avg12,-0.850455
future_logrv_60,Macro_Ridge,fx_ret1_m1,1.759147
future_logrv_60,Macro_Ridge,fx_ret1_avg12,11.428246
future_logrv_60,Macro_PCR,PC1,0.266378
future_logrv_60,Factor_OLS,price_factor_m1,0.002857
future_logrv_60,Factor_OLS,price_factor_avg12,-0.700678
future_logrv_60,Factor_OLS,money_factor_m1,0.01624
future_logrv_60,Factor_OLS,money_factor_avg12,-0.230367
future_logrv_60,Factor_OLS,policy_factor_m1,0.008261
future_logrv_60,Factor_OLS,policy_factor_avg12,0.118134
future_logrv_60,Factor_OLS,fx_factor_m1,0.02163
future_logrv_60,Factor_OLS,fx_factor_avg12,-0.400502
future_logrv_60,Factor_Ridge,price_factor_m1,-0.013125
future_logrv_60,Factor_Ridge,price_factor_avg12,-0.081177
future_logrv_60,Factor_Ridge,money_factor_m1,0.000517
future_logrv_60,Factor_Ridge,money_factor_avg12,-0.002311
future_logrv_60,Factor_Ridge,policy_factor_m1,-0.001619
future_logrv_60,Factor_Ridge,policy_factor_avg12,-0.004537
future_logrv_60,Factor_Ridge,fx_factor_m1,-0.016117
future_logrv_60,Factor_Ridge,fx_factor_avg12,-0.041153
future_logrv_60,HAR_OLS,past_logrv_5,0.107026
future_logrv_60,HAR_OLS,past_logrv_20,0.09674
future_logrv_60,HAR_OLS,past_logrv_60,0.395786
future_logrv_60,HAR_Ridge,past_logrv_5,0.039295
future_logrv_60,HAR_Ridge,past_logrv_20,0.051527
future_logrv_60,HAR_Ridge,past_logrv_60,0.056427
future_logrv_60,HARplusMacro_Ridge,past_logrv_5,0.035594
future_logrv_60,HARplusMacro_Ridge,past_logrv_20,0.046096
future_logrv_60,HARplusMacro_Ridge,past_logrv_60,0.049659
future_logrv_60,HARplusMacro_Ridge,cpi_yoy_m1,0.01323
future_logrv_60,HARplusMacro_Ridge,cpi_yoy_avg12,0.012865
future_logrv_60,HARplusMacro_Ridge,cpi_delta1_m1,0.011344
future_logrv_60,HARplusMacro_Ridge,cpi_delta1_avg12,0.125079
future_logrv_60,HARplusMacro_Ridge,ppi_yoy_m1,-0.008335
future_logrv_60,HARplusMacro_Ridge,ppi_yoy_avg12,-0.007923
future_logrv_60,HARplusMacro_Ridge,ppi_delta1_m1,-0.034225
future_logrv_60,HARplusMacro_Ridge,ppi_delta1_avg12,-0.495552
future_logrv_60,HARplusMacro_Ridge,m2_yoy_m1,-0.003262
future_logrv_60,HARplusMacro_Ridge,m2_yoy_avg12,-0.0045
future_logrv_60,HARplusMacro_Ridge,m2_delta1_m1,0.004703
future_logrv_60,HARplusMacro_Ridge,m2_delta1_avg12,0.195657
future_logrv_60,HARplusMacro_Ridge,epu_log_m1,-0.008039
future_logrv_60,HARplusMacro_Ridge,epu_log_avg12,-0.007375
future_logrv_60,HARplusMacro_Ridge,epu_log_delta1_m1,-0.000363
future_logrv_60,HARplusMacro_Ridge,epu_log_delta1_avg12,-0.171738
future_logrv_60,HARplusMacro_Ridge,fx_log_m1,-0.701936
future_logrv_60,HARplusMacro_Ridge,fx_log_avg12,-0.719505
future_logrv_60,HARplusMacro_Ridge,fx_ret1_m1,1.351208
future_logrv_60,HARplusMacro_Ridge,fx_ret1_avg12,7.606471
future_absret_60,Macro_SummaryOLS,cpi_yoy_m1,9.7e-05
future_absret_60,Macro_SummaryOLS,cpi_yoy_avg12,-6.1e-05
future_absret_60,Macro_SummaryOLS,cpi_delta1_m1,0.000102
future_absret_60,Macro_SummaryOLS,cpi_delta1_avg12,-0.000139
future_absret_60,Macro_SummaryOLS,ppi_yoy_m1,-0.000276
future_absret_60,Macro_SummaryOLS,ppi_yoy_avg12,-0.000258
future_absret_60,Macro_SummaryOLS,ppi_delta1_m1,-7.8e-05
future_absret_60,Macro_SummaryOLS,ppi_delta1_avg12,-0.008397
future_absret_60,Macro_SummaryOLS,m2_yoy_m1,-6.3e-05
future_absret_60,Macro_SummaryOLS,m2_yoy_avg12,-0.000771
future_absret_60,Macro_SummaryOLS,m2_delta1_m1,-0.000137
future_absret_60,Macro_SummaryOLS,m2_delta1_avg12,0.005957
future_absret_60,Macro_SummaryOLS,epu_log_m1,0.001082
future_absret_60,Macro_SummaryOLS,epu_log_avg12,-0.000485
future_absret_60,Macro_SummaryOLS,epu_log_delta1_m1,0.00014
future_absret_60,Macro_SummaryOLS,epu_log_delta1_avg12,-0.017153
future_absret_60,Macro_SummaryOLS,fx_log_m1,-0.033441
future_absret_60,Macro_SummaryOLS,fx_log_avg12,-0.019855
future_absret_60,Macro_SummaryOLS,fx_ret1_m1,0.007867
future_absret_60,Macro_SummaryOLS,fx_ret1_avg12,0.463609
future_absret_60,Macro_Ridge,cpi_yoy_m1,3e-05
future_absret_60,Macro_Ridge,cpi_yoy_avg12,2.8e-05
future_absret_60,Macro_Ridge,cpi_delta1_m1,5e-05
future_absret_60,Macro_Ridge,cpi_delta1_avg12,0.000558
future_absret_60,Macro_Ridge,ppi_yoy_m1,-4.1e-05
future_absret_60,Macro_Ridge,ppi_yoy_avg12,-4e-05
future_absret_60,Macro_Ridge,ppi_delta1_m1,-0.000149
future_absret_60,Macro_Ridge,ppi_delta1_avg12,-0.001991
future_absret_60,Macro_Ridge,m2_yoy_m1,-2e-06
future_absret_60,Macro_Ridge,m2_yoy_avg12,-8e-06
future_absret_60,Macro_Ridge,m2_delta1_m1,2.7e-05
future_absret_60,Macro_Ridge,m2_delta1_avg12,0.001072
future_absret_60,Macro_Ridge,epu_log_m1,-6.7e-05
future_absret_60,Macro_Ridge,epu_log_avg12,-6.9e-05
future_absret_60,Macro_Ridge,epu_log_delta1_m1,1.6e-05
future_absret_60,Macro_Ridge,epu_log_delta1_avg12,-0.000355
future_absret_60,Macro_Ridge,fx_log_m1,-0.004021
future_absret_60,Macro_Ridge,fx_log_avg12,-0.004187
future_absret_60,Macro_Ridge,fx_ret1_m1,0.010116
future_absret_60,Macro_Ridge,fx_ret1_avg12,0.068604
future_absret_60,Macro_PCR,PC1,0.266378
future_absret_60,Factor_OLS,price_factor_m1,4e-06
future_absret_60,Factor_OLS,price_factor_avg12,-0.003034
future_absret_60,Factor_OLS,money_factor_m1,8.1e-05
future_absret_60,Factor_OLS,money_factor_avg12,-0.000836
future_absret_60,Factor_OLS,policy_factor_m1,4.4e-05
future_absret_60,Factor_OLS,policy_factor_avg12,0.00026
future_absret_60,Factor_OLS,fx_factor_m1,0.000123
future_absret_60,Factor_OLS,fx_factor_avg12,-0.001759
future_absret_60,Factor_Ridge,price_factor_m1,-5.9e-05
future_absret_60,Factor_Ridge,price_factor_avg12,-0.000363
future_absret_60,Factor_Ridge,money_factor_m1,1.1e-05
future_absret_60,Factor_Ridge,money_factor_avg12,1.6e-05
future_absret_60,Factor_Ridge,policy_factor_m1,-1.9e-05
future_absret_60,Factor_Ridge,policy_factor_avg12,-4.6e-05
future_absret_60,Factor_Ridge,fx_factor_m1,-7.9e-05
future_absret_60,Factor_Ridge,fx_factor_avg12,-0.000203
future_absret_60,HAR_OLS,past_absret_5,0.067917
future_absret_60,HAR_OLS,past_absret_20,0.030961
future_absret_60,HAR_OLS,past_absret_60,0.346896
future_absret_60,HAR_Ridge,past_absret_5,0.028479
future_absret_60,HAR_Ridge,past_absret_20,0.039134
future_absret_60,HAR_Ridge,past_absret_60,0.041908
future_absret_60,HARplusMacro_Ridge,past_absret_5,0.025692
future_absret_60,HARplusMacro_Ridge,past_absret_20,0.035212
future_absret_60,HARplusMacro_Ridge,past_absret_60,0.0371
future_absret_60,HARplusMacro_Ridge,cpi_yoy_m1,2.9e-05
future_absret_60,HARplusMacro_Ridge,cpi_yoy_avg12,2.7e-05
future_absret_60,HARplusMacro_Ridge,cpi_delta1_m1,4e-05
future_absret_60,HARplusMacro_Ridge,cpi_delta1_avg12,0.00043
future_absret_60,HARplusMacro_Ridge,ppi_yoy_m1,-3.4e-05
future_absret_60,HARplusMacro_Ridge,ppi_yoy_avg12,-3.3e-05
future_absret_60,HARplusMacro_Ridge,ppi_delta1_m1,-0.00013
future_absret_60,HARplusMacro_Ridge,ppi_delta1_avg12,-0.001778
future_absret_60,HARplusMacro_Ridge,m2_yoy_m1,-8e-06
future_absret_60,HARplusMacro_Ridge,m2_yoy_avg12,-1.3e-05
future_absret_60,HARplusMacro_Ridge,m2_delta1_m1,2.3e-05
future_absret_60,HARplusMacro_Ridge,m2_delta1_avg12,0.000918
future_absret_60,HARplusMacro_Ridge,epu_log_m1,-6.2e-05
future_absret_60,HARplusMacro_Ridge,epu_log_avg12,-6.2e-05
future_absret_60,HARplusMacro_Ridge,epu_log_delta1_m1,9e-06
future_absret_60,HARplusMacro_Ridge,epu_log_delta1_avg12,-0.000566
future_absret_60,HARplusMacro_Ridge,fx_log_m1,-0.003406
future_absret_60,HARplusMacro_Ridge,fx_log_avg12,-0.003544
future_absret_60,HARplusMacro_Ridge,fx_ret1_m1,0.008857
future_absret_60,HARplusMacro_Ridge,fx_ret1_avg12,0.054066
future_upratio_60,Macro_SummaryOLS,cpi_yoy_m1,-0.003195
future_upratio_60,Macro_SummaryOLS,cpi_yoy_avg12,0.003004
future_upratio_60,Macro_SummaryOLS,cpi_delta1_m1,0.002358
future_upratio_60,Macro_SummaryOLS,cpi_delta1_avg12,-0.227876
future_upratio_60,Macro_SummaryOLS,ppi_yoy_m1,-0.003503
future_upratio_60,Macro_SummaryOLS,ppi_yoy_avg12,0.003564
future_upratio_60,Macro_SummaryOLS,ppi_delta1_m1,-0.000433
future_upratio_60,Macro_SummaryOLS,ppi_delta1_avg12,-0.043312
future_upratio_60,Macro_SummaryOLS,m2_yoy_m1,0.000593
future_upratio_60,Macro_SummaryOLS,m2_yoy_avg12,0.010004
future_upratio_60,Macro_SummaryOLS,m2_delta1_m1,0.000377
future_upratio_60,Macro_SummaryOLS,m2_delta1_avg12,0.046839
future_upratio_60,Macro_SummaryOLS,epu_log_m1,-0.027601
future_upratio_60,Macro_SummaryOLS,epu_log_avg12,0.003638
future_upratio_60,Macro_SummaryOLS,epu_log_delta1_m1,-0.004558
future_upratio_60,Macro_SummaryOLS,epu_log_delta1_avg12,0.182961
future_upratio_60,Macro_SummaryOLS,fx_log_m1,0.814871
future_upratio_60,Macro_SummaryOLS,fx_log_avg12,-0.128901
future_upratio_60,Macro_SummaryOLS,fx_ret1_m1,-0.137633
future_upratio_60,Macro_SummaryOLS,fx_ret1_avg12,-18.508502
future_upratio_60,Macro_Ridge,cpi_yoy_m1,0.000561
future_upratio_60,Macro_Ridge,cpi_yoy_avg12,0.000817
future_upratio_60,Macro_Ridge,cpi_delta1_m1,-0.003072
future_upratio_60,Macro_Ridge,cpi_delta1_avg12,-0.042269
future_upratio_60,Macro_Ridge,ppi_yoy_m1,-0.000116
future_upratio_60,Macro_Ridge,ppi_yoy_avg12,-9.5e-05
future_upratio_60,Macro_Ridge,ppi_delta1_m1,-0.001943
future_upratio_60,Macro_Ridge,ppi_delta1_avg12,-0.022712
future_upratio_60,Macro_Ridge,m2_yoy_m1,0.000837
future_upratio_60,Macro_Ridge,m2_yoy_avg12,0.000834
future_upratio_60,Macro_Ridge,m2_delta1_m1,0.000233
future_upratio_60,Macro_Ridge,m2_delta1_avg12,0.00813
future_upratio_60,Macro_Ridge,epu_log_m1,-0.001023
future_upratio_60,Macro_Ridge,epu_log_avg12,-0.000987
future_upratio_60,Macro_Ridge,epu_log_delta1_m1,-0.001571
future_upratio_60,Macro_Ridge,epu_log_delta1_avg12,-0.004622
future_upratio_60,Macro_Ridge,fx_log_m1,0.029434
future_upratio_60,Macro_Ridge,fx_log_avg12,0.033362
future_upratio_60,Macro_Ridge,fx_ret1_m1,-0.17976
future_upratio_60,Macro_Ridge,fx_ret1_avg12,-1.593652
future_upratio_60,Macro_PCR,PC1,0.266378
future_upratio_60,Macro_PCR,PC2,0.139296
future_upratio_60,Factor_OLS,price_factor_m1,-0.000713
future_upratio_60,Factor_OLS,price_factor_avg12,-0.015534
future_upratio_60,Factor_OLS,money_factor_m1,0.000543
future_upratio_60,Factor_OLS,money_factor_avg12,0.021869
future_upratio_60,Factor_OLS,policy_factor_m1,-0.001447
future_upratio_60,Factor_OLS,policy_factor_avg12,-0.004671
future_upratio_60,Factor_OLS,fx_factor_m1,-0.001623
future_upratio_60,Factor_OLS,fx_factor_avg12,0.026597
future_upratio_60,Factor_Ridge,price_factor_m1,-0.001402
future_upratio_60,Factor_Ridge,price_factor_avg12,-0.008516
future_upratio_60,Factor_Ridge,money_factor_m1,0.002297
future_upratio_60,Factor_Ridge,money_factor_avg12,0.010567
future_upratio_60,Factor_Ridge,policy_factor_m1,-0.001252
future_upratio_60,Factor_Ridge,policy_factor_avg12,-0.002354
future_upratio_60,Factor_Ridge,fx_factor_m1,0.00207
future_upratio_60,Factor_Ridge,fx_factor_avg12,0.009962
future_upratio_60,HAR_OLS,past_upratio_5,-0.009176
future_upratio_60,HAR_OLS,past_upratio_20,-0.015118
future_upratio_60,HAR_OLS,past_upratio_60,0.162062
future_upratio_60,HAR_Ridge,past_upratio_5,-0.000151
future_upratio_60,HAR_Ridge,past_upratio_20,0.003676
future_upratio_60,HAR_Ridge,past_upratio_60,0.021793
future_upratio_60,HARplusMacro_Ridge,past_upratio_5,-0.000316
future_upratio_60,HARplusMacro_Ridge,past_upratio_20,0.003045
future_upratio_60,HARplusMacro_Ridge,past_upratio_60,0.020962
future_upratio_60,HARplusMacro_Ridge,cpi_yoy_m1,0.000565
future_upratio_60,HARplusMacro_Ridge,cpi_yoy_avg12,0.000823
future_upratio_60,HARplusMacro_Ridge,cpi_delta1_m1,-0.003098
future_upratio_60,HARplusMacro_Ridge,cpi_delta1_avg12,-0.042736
future_upratio_60,HARplusMacro_Ridge,ppi_yoy_m1,-0.000116
future_upratio_60,HARplusMacro_Ridge,ppi_yoy_avg12,-9.5e-05
future_upratio_60,HARplusMacro_Ridge,ppi_delta1_m1,-0.001947
future_upratio_60,HARplusMacro_Ridge,ppi_delta1_avg12,-0.022809
future_upratio_60,HARplusMacro_Ridge,m2_yoy_m1,0.000826
future_upratio_60,HARplusMacro_Ridge,m2_yoy_avg12,0.000822
future_upratio_60,HARplusMacro_Ridge,m2_delta1_m1,0.000237
future_upratio_60,HARplusMacro_Ridge,m2_delta1_avg12,0.00818
future_upratio_60,HARplusMacro_Ridge,epu_log_m1,-0.000917
future_upratio_60,HARplusMacro_Ridge,epu_log_avg12,-0.000879
future_upratio_60,HARplusMacro_Ridge,epu_log_delta1_m1,-0.00157
future_upratio_60,HARplusMacro_Ridge,epu_log_delta1_avg12,-0.004003
future_upratio_60,HARplusMacro_Ridge,fx_log_m1,0.030272
future_upratio_60,HARplusMacro_Ridge,fx_log_avg12,0.034071
future_upratio_60,HARplusMacro_Ridge,fx_ret1_m1,-0.174152
future_upratio_60,HARplusMacro_Ridge,fx_ret1_avg12,-1.54665
future_signbalance_60,Macro_SummaryOLS,cpi_yoy_m1,-0.00639
future_signbalance_60,Macro_SummaryOLS,cpi_yoy_avg12,0.006007
future_signbalance_60,Macro_SummaryOLS,cpi_delta1_m1,0.004715
future_signbalance_60,Macro_SummaryOLS,cpi_delta1_avg12,-0.455752
future_signbalance_60,Macro_SummaryOLS,ppi_yoy_m1,-0.007006
future_signbalance_60,Macro_SummaryOLS,ppi_yoy_avg12,0.007128
future_signbalance_60,Macro_SummaryOLS,ppi_delta1_m1,-0.000865
future_signbalance_60,Macro_SummaryOLS,ppi_delta1_avg12,-0.086624
future_signbalance_60,Macro_SummaryOLS,m2_yoy_m1,0.001187
future_signbalance_60,Macro_SummaryOLS,m2_yoy_avg12,0.020009
future_signbalance_60,Macro_SummaryOLS,m2_delta1_m1,0.000754
future_signbalance_60,Macro_SummaryOLS,m2_delta1_avg12,0.093679
future_signbalance_60,Macro_SummaryOLS,epu_log_m1,-0.055202
future_signbalance_60,Macro_SummaryOLS,epu_log_avg12,0.007276
future_signbalance_60,Macro_SummaryOLS,epu_log_delta1_m1,-0.009116
future_signbalance_60,Macro_SummaryOLS,epu_log_delta1_avg12,0.365921
future_signbalance_60,Macro_SummaryOLS,fx_log_m1,1.629741
future_signbalance_60,Macro_SummaryOLS,fx_log_avg12,-0.257803
future_signbalance_60,Macro_SummaryOLS,fx_ret1_m1,-0.275267
future_signbalance_60,Macro_SummaryOLS,fx_ret1_avg12,-37.017003
future_signbalance_60,Macro_Ridge,cpi_yoy_m1,0.001123
future_signbalance_60,Macro_Ridge,cpi_yoy_avg12,0.001633
future_signbalance_60,Macro_Ridge,cpi_delta1_m1,-0.006144
future_signbalance_60,Macro_Ridge,cpi_delta1_avg12,-0.084538
future_signbalance_60,Macro_Ridge,ppi_yoy_m1,-0.000231
future_signbalance_60,Macro_Ridge,ppi_yoy_avg12,-0.000189
future_signbalance_60,Macro_Ridge,ppi_delta1_m1,-0.003885
future_signbalance_60,Macro_Ridge,ppi_delta1_avg12,-0.045425
future_signbalance_60,Macro_Ridge,m2_yoy_m1,0.001675
future_signbalance_60,Macro_Ridge,m2_yoy_avg12,0.001668
future_signbalance_60,Macro_Ridge,m2_delta1_m1,0.000466
future_signbalance_60,Macro_Ridge,m2_delta1_avg12,0.01626
future_signbalance_60,Macro_Ridge,epu_log_m1,-0.002046
future_signbalance_60,Macro_Ridge,epu_log_avg12,-0.001975
future_signbalance_60,Macro_Ridge,epu_log_delta1_m1,-0.003142
future_signbalance_60,Macro_Ridge,epu_log_delta1_avg12,-0.009244
future_signbalance_60,Macro_Ridge,fx_log_m1,0.058869
future_signbalance_60,Macro_Ridge,fx_log_avg12,0.066725
future_signbalance_60,Macro_Ridge,fx_ret1_m1,-0.35952
future_signbalance_60,Macro_Ridge,fx_ret1_avg12,-3.187303
future_signbalance_60,Macro_PCR,PC1,0.266378
future_signbalance_60,Macro_PCR,PC2,0.139296
future_signbalance_60,Factor_OLS,price_factor_m1,-0.001425
future_signbalance_60,Factor_OLS,price_factor_avg12,-0.031068
future_signbalance_60,Factor_OLS,money_factor_m1,0.001086
future_signbalance_60,Factor_OLS,money_factor_avg12,0.043739
future_signbalance_60,Factor_OLS,policy_factor_m1,-0.002894
future_signbalance_60,Factor_OLS,policy_factor_avg12,-0.009342
future_signbalance_60,Factor_OLS,fx_factor_m1,-0.003247
future_signbalance_60,Factor_OLS,fx_factor_avg12,0.053193
future_signbalance_60,Factor_Ridge,price_factor_m1,-0.002804
future_signbalance_60,Factor_Ridge,price_factor_avg12,-0.017031
future_signbalance_60,Factor_Ridge,money_factor_m1,0.004594
future_signbalance_60,Factor_Ridge,money_factor_avg12,0.021134
future_signbalance_60,Factor_Ridge,policy_factor_m1,-0.002504
future_signbalance_60,Factor_Ridge,policy_factor_avg12,-0.004708
future_signbalance_60,Factor_Ridge,fx_factor_m1,0.00414
future_signbalance_60,Factor_Ridge,fx_factor_avg12,0.019924
future_signbalance_60,HAR_OLS,past_signbalance_5,-0.009176
future_signbalance_60,HAR_OLS,past_signbalance_20,-0.015118
future_signbalance_60,HAR_OLS,past_signbalance_60,0.162062
future_signbalance_60,HAR_Ridge,past_signbalance_5,-0.000151
future_signbalance_60,HAR_Ridge,past_signbalance_20,0.003676
future_signbalance_60,HAR_Ridge,past_signbalance_60,0.021793
future_signbalance_60,HARplusMacro_Ridge,past_signbalance_5,-0.000316
future_signbalance_60,HARplusMacro_Ridge,past_signbalance_20,0.003045
future_signbalance_60,HARplusMacro_Ridge,past_signbalance_60,0.020962
future_signbalance_60,HARplusMacro_Ridge,cpi_yoy_m1,0.00113
future_signbalance_60,HARplusMacro_Ridge,cpi_yoy_avg12,0.001647
future_signbalance_60,HARplusMacro_Ridge,cpi_delta1_m1,-0.006196
future_signbalance_60,HARplusMacro_Ridge,cpi_delta1_avg12,-0.085473
future_signbalance_60,HARplusMacro_Ridge,ppi_yoy_m1,-0.000231
future_signbalance_60,HARplusMacro_Ridge,ppi_yoy_avg12,-0.000189
future_signbalance_60,HARplusMacro_Ridge,ppi_delta1_m1,-0.003894
future_signbalance_60,HARplusMacro_Ridge,ppi_delta1_avg12,-0.045618
future_signbalance_60,HARplusMacro_Ridge,m2_yoy_m1,0.001652
future_signbalance_60,HARplusMacro_Ridge,m2_yoy_avg12,0.001644
future_signbalance_60,HARplusMacro_Ridge,m2_delta1_m1,0.000473
future_signbalance_60,HARplusMacro_Ridge,m2_delta1_avg12,0.016361
future_signbalance_60,HARplusMacro_Ridge,epu_log_m1,-0.001833
future_signbalance_60,HARplusMacro_Ridge,epu_log_avg12,-0.001758
future_signbalance_60,HARplusMacro_Ridge,epu_log_delta1_m1,-0.00314
future_signbalance_60,HARplusMacro_Ridge,epu_log_delta1_avg12,-0.008005
future_signbalance_60,HARplusMacro_Ridge,fx_log_m1,0.060544
future_signbalance_60,HARplusMacro_Ridge,fx_log_avg12,0.068142
future_signbalance_60,HARplusMacro_Ridge,fx_ret1_m1,-0.348304
future_signbalance_60,HARplusMacro_Ridge,fx_ret1_avg12,-3.093299
